QID,Cluster_Group
AR_01,Cluster 5 - Operational & Infrastructure Risk
AR_02,Cluster 5 - Operational & Infrastructure Risk
AR_03,"Cluster 2 - Data, Privacy & Information Assets"
AR_04,Cluster 5 - Operational & Infrastructure Risk
AR_05,Cluster 5 - Operational & Infrastructure Risk
AR_06,Cluster 5 - Operational & Infrastructure Risk
AR_07,Cluster 5 - Operational & Infrastructure Risk
AR_08,Cluster 5 - Operational & Infrastructure Risk
AR_09,Cluster 5 - Operational & Infrastructure Risk
AR_10,Cluster 5 - Operational & Infrastructure Risk
AR_11,Cluster 5 - Operational & Infrastructure Risk
AR_12,Cluster 5 - Operational & Infrastructure Risk
AR_13,"Cluster 4 - Governance, Compliance & Legal"
AR_14,"Cluster 2 - Data, Privacy & Information Assets"
AR_15,"Cluster 4 - Governance, Compliance & Legal"
AR_16,"Cluster 2 - Data, Privacy & Information Assets"
AR_17,Cluster 5 - Operational & Infrastructure Risk
AR_18,Cluster 5 - Operational & Infrastructure Risk
AR_19,Cluster 5 - Operational & Infrastructure Risk
AR_20,"Cluster 2 - Data, Privacy & Information Assets"
AR_21,"Cluster 2 - Data, Privacy & Information Assets"
AR_22,"Cluster 4 - Governance, Compliance & Legal"
AR_23,Cluster 5 - Operational & Infrastructure Risk
AR_24,Cluster 5 - Operational & Infrastructure Risk
AR_25,Cluster 1 - AI Technical & Model Integrity
AR_26,Cluster 5 - Operational & Infrastructure Risk
AR_27,"Cluster 2 - Data, Privacy & Information Assets"
AR_28,Cluster 5 - Operational & Infrastructure Risk
AR_29,Cluster 5 - Operational & Infrastructure Risk
AR_30,"Cluster 2 - Data, Privacy & Information Assets"
AR_31,Cluster 5 - Operational & Infrastructure Risk
AR_32,"Cluster 2 - Data, Privacy & Information Assets"
AR_33,"Cluster 4 - Governance, Compliance & Legal"
AR_34,"Cluster 2 - Data, Privacy & Information Assets"
AR_35,"Cluster 2 - Data, Privacy & Information Assets"
AR_36,Cluster 5 - Operational & Infrastructure Risk
AR_37,Cluster 1 - AI Technical & Model Integrity
AR_38,Cluster 3 - Responsible AI & Ethics
AR_39,Cluster 5 - Operational & Infrastructure Risk
AR_40,"Cluster 2 - Data, Privacy & Information Assets"
AR_41,"Cluster 2 - Data, Privacy & Information Assets"
AR_42,Cluster 5 - Operational & Infrastructure Risk
AR_43,Cluster 1 - AI Technical & Model Integrity
AR_44,"Cluster 2 - Data, Privacy & Information Assets"
AR_45,"Cluster 2 - Data, Privacy & Information Assets"
AR_46,"Cluster 2 - Data, Privacy & Information Assets"
AR_47,"Cluster 2 - Data, Privacy & Information Assets"
AR_48,"Cluster 2 - Data, Privacy & Information Assets"
AR_49,"Cluster 2 - Data, Privacy & Information Assets"
AR_50,Cluster 1 - AI Technical & Model Integrity
AR_51,"Cluster 4 - Governance, Compliance & Legal"
AR_52,Cluster 1 - AI Technical & Model Integrity
AR_53,Cluster 3 - Responsible AI & Ethics
AR_54,"Cluster 2 - Data, Privacy & Information Assets"
AR_55,Cluster 3 - Responsible AI & Ethics
AR_56,"Cluster 2 - Data, Privacy & Information Assets"
AR_57,"Cluster 2 - Data, Privacy & Information Assets"
AR_58,Cluster 5 - Operational & Infrastructure Risk
AR_59,Cluster 5 - Operational & Infrastructure Risk
AR_60,Cluster 5 - Operational & Infrastructure Risk
AR_61,"Cluster 2 - Data, Privacy & Information Assets"
AR_62,Cluster 5 - Operational & Infrastructure Risk
AR_63,"Cluster 2 - Data, Privacy & Information Assets"
AR_64,Cluster 1 - AI Technical & Model Integrity
AR_65,Cluster 1 - AI Technical & Model Integrity
AR_66,Cluster 5 - Operational & Infrastructure Risk
AR_67,Cluster 1 - AI Technical & Model Integrity
AR_68,Cluster 5 - Operational & Infrastructure Risk
AR_69,Cluster 1 - AI Technical & Model Integrity
AR_70,Cluster 5 - Operational & Infrastructure Risk
AR_71,Cluster 5 - Operational & Infrastructure Risk
AR_72,Cluster 5 - Operational & Infrastructure Risk
AR_73,Cluster 5 - Operational & Infrastructure Risk
AR_74,Cluster 5 - Operational & Infrastructure Risk
AR_75,Cluster 5 - Operational & Infrastructure Risk
AR_76,Cluster 5 - Operational & Infrastructure Risk
AR_77,Cluster 5 - Operational & Infrastructure Risk
AR_78,Cluster 5 - Operational & Infrastructure Risk
AR_79,Cluster 5 - Operational & Infrastructure Risk
AR_80,Cluster 5 - Operational & Infrastructure Risk
AR_81,Cluster 5 - Operational & Infrastructure Risk
AR_82,"Cluster 2 - Data, Privacy & Information Assets"
AR_83,"Cluster 2 - Data, Privacy & Information Assets"
AR_84,Cluster 5 - Operational & Infrastructure Risk
AR_85,Cluster 5 - Operational & Infrastructure Risk
AR_86,Cluster 5 - Operational & Infrastructure Risk
AR_87,Cluster 5 - Operational & Infrastructure Risk
AR_88,Cluster 5 - Operational & Infrastructure Risk
AR_89,Cluster 5 - Operational & Infrastructure Risk
AR_90,Cluster 5 - Operational & Infrastructure Risk
AR_91,"Cluster 4 - Governance, Compliance & Legal"
AR_92,Cluster 5 - Operational & Infrastructure Risk
AR_93,"Cluster 4 - Governance, Compliance & Legal"
AR_94,Cluster 5 - Operational & Infrastructure Risk
AR_95,Cluster 5 - Operational & Infrastructure Risk
AR_96,Cluster 5 - Operational & Infrastructure Risk
AR_97,Cluster 5 - Operational & Infrastructure Risk
AR_98,"Cluster 2 - Data, Privacy & Information Assets"
AR_99,"Cluster 2 - Data, Privacy & Information Assets"
AR_100,"Cluster 2 - Data, Privacy & Information Assets"
AR_101,"Cluster 2 - Data, Privacy & Information Assets"
AR_102,Cluster 1 - AI Technical & Model Integrity
AR_103,Cluster 3 - Responsible AI & Ethics
AR_104,Cluster 5 - Operational & Infrastructure Risk
AR_105,"Cluster 2 - Data, Privacy & Information Assets"
AR_106,"Cluster 2 - Data, Privacy & Information Assets"
AR_107,"Cluster 2 - Data, Privacy & Information Assets"
AR_108,"Cluster 2 - Data, Privacy & Information Assets"
AR_109,Cluster 3 - Responsible AI & Ethics
AR_110,"Cluster 2 - Data, Privacy & Information Assets"
AR_111,Cluster 5 - Operational & Infrastructure Risk
AR_112,"Cluster 2 - Data, Privacy & Information Assets"
AR_113,Cluster 1 - AI Technical & Model Integrity
AR_114,"Cluster 2 - Data, Privacy & Information Assets"
AR_115,Cluster 5 - Operational & Infrastructure Risk
AR_116,Cluster 1 - AI Technical & Model Integrity
AR_117,Cluster 5 - Operational & Infrastructure Risk
AR_118,Cluster 3 - Responsible AI & Ethics
AR_119,Cluster 5 - Operational & Infrastructure Risk
AR_120,Cluster 5 - Operational & Infrastructure Risk
AR_121,Cluster 5 - Operational & Infrastructure Risk
AR_122,Cluster 5 - Operational & Infrastructure Risk
AR_123,"Cluster 4 - Governance, Compliance & Legal"
AR_124,Cluster 5 - Operational & Infrastructure Risk
AR_125,Cluster 5 - Operational & Infrastructure Risk
AR_126,Cluster 5 - Operational & Infrastructure Risk
AR_127,Cluster 5 - Operational & Infrastructure Risk
AR_128,Cluster 5 - Operational & Infrastructure Risk
AR_129,Cluster 5 - Operational & Infrastructure Risk
AR_130,Cluster 5 - Operational & Infrastructure Risk
AR_131,"Cluster 2 - Data, Privacy & Information Assets"
AR_132,Cluster 5 - Operational & Infrastructure Risk
AR_133,Cluster 5 - Operational & Infrastructure Risk
AR_134,"Cluster 2 - Data, Privacy & Information Assets"
AR_135,"Cluster 2 - Data, Privacy & Information Assets"
AR_136,Cluster 5 - Operational & Infrastructure Risk
AR_137,Cluster 5 - Operational & Infrastructure Risk
AR_138,Cluster 5 - Operational & Infrastructure Risk
AR_139,Cluster 5 - Operational & Infrastructure Risk
AR_140,Cluster 5 - Operational & Infrastructure Risk
AR_141,"Cluster 2 - Data, Privacy & Information Assets"
AR_142,"Cluster 2 - Data, Privacy & Information Assets"
AR_143,"Cluster 2 - Data, Privacy & Information Assets"
AR_144,"Cluster 2 - Data, Privacy & Information Assets"
AR_145,"Cluster 2 - Data, Privacy & Information Assets"
AR_146,Cluster 5 - Operational & Infrastructure Risk
AR_147,Cluster 5 - Operational & Infrastructure Risk
AR_148,Cluster 5 - Operational & Infrastructure Risk
AR_149,"Cluster 4 - Governance, Compliance & Legal"
AR_150,Cluster 5 - Operational & Infrastructure Risk
AR_151,Cluster 5 - Operational & Infrastructure Risk
AR_152,Cluster 5 - Operational & Infrastructure Risk
AR_153,Cluster 5 - Operational & Infrastructure Risk
AR_154,Cluster 5 - Operational & Infrastructure Risk
AR_155,Cluster 5 - Operational & Infrastructure Risk
AR_156,Cluster 5 - Operational & Infrastructure Risk
AR_157,Cluster 5 - Operational & Infrastructure Risk
AR_158,Cluster 5 - Operational & Infrastructure Risk
AR_159,Cluster 5 - Operational & Infrastructure Risk
AR_160,Cluster 5 - Operational & Infrastructure Risk
AR_161,"Cluster 4 - Governance, Compliance & Legal"
AR_162,"Cluster 4 - Governance, Compliance & Legal"
AR_163,"Cluster 4 - Governance, Compliance & Legal"
AR_164,"Cluster 4 - Governance, Compliance & Legal"
AR_165,"Cluster 4 - Governance, Compliance & Legal"
AR_166,Cluster 6 - Workforce & Organizational Change
AR_167,"Cluster 4 - Governance, Compliance & Legal"
AR_168,Cluster 6 - Workforce & Organizational Change
AR_169,"Cluster 4 - Governance, Compliance & Legal"
AR_170,Cluster 3 - Responsible AI & Ethics
AR_171,Cluster 6 - Workforce & Organizational Change
AR_172,"Cluster 4 - Governance, Compliance & Legal"
AR_173,"Cluster 4 - Governance, Compliance & Legal"
AR_174,"Cluster 4 - Governance, Compliance & Legal"
AR_175,"Cluster 4 - Governance, Compliance & Legal"
AR_176,Cluster 6 - Workforce & Organizational Change
AR_177,Cluster 5 - Operational & Infrastructure Risk
AR_178,"Cluster 4 - Governance, Compliance & Legal"
AR_179,"Cluster 4 - Governance, Compliance & Legal"
AR_180,Cluster 3 - Responsible AI & Ethics
AR_181,Cluster 3 - Responsible AI & Ethics
AR_182,"Cluster 4 - Governance, Compliance & Legal"
AR_183,"Cluster 4 - Governance, Compliance & Legal"
AR_184,"Cluster 4 - Governance, Compliance & Legal"
AR_185,"Cluster 4 - Governance, Compliance & Legal"
AR_186,"Cluster 4 - Governance, Compliance & Legal"
AR_187,Cluster 1 - AI Technical & Model Integrity
AR_188,"Cluster 2 - Data, Privacy & Information Assets"
AR_189,"Cluster 2 - Data, Privacy & Information Assets"
AR_190,Cluster 3 - Responsible AI & Ethics
AR_191,"Cluster 2 - Data, Privacy & Information Assets"
AR_192,"Cluster 2 - Data, Privacy & Information Assets"
AR_193,"Cluster 2 - Data, Privacy & Information Assets"
AR_194,Cluster 5 - Operational & Infrastructure Risk
AR_195,"Cluster 4 - Governance, Compliance & Legal"
AR_196,Cluster 5 - Operational & Infrastructure Risk
AR_197,"Cluster 2 - Data, Privacy & Information Assets"
AR_198,Cluster 5 - Operational & Infrastructure Risk
AR_199,"Cluster 4 - Governance, Compliance & Legal"
AR_200,Cluster 5 - Operational & Infrastructure Risk
AR_201,Cluster 5 - Operational & Infrastructure Risk
AR_202,Cluster 5 - Operational & Infrastructure Risk
AR_203,Cluster 5 - Operational & Infrastructure Risk
AR_204,Cluster 1 - AI Technical & Model Integrity
AR_205,Cluster 7 - Business Impact & Sustainability
AR_206,Cluster 3 - Responsible AI & Ethics
AR_207,Cluster 6 - Workforce & Organizational Change
AR_208,Cluster 3 - Responsible AI & Ethics
AR_209,Cluster 6 - Workforce & Organizational Change
AR_210,Cluster 6 - Workforce & Organizational Change
AR_211,Cluster 5 - Operational & Infrastructure Risk
AR_212,Cluster 1 - AI Technical & Model Integrity
AR_213,Cluster 3 - Responsible AI & Ethics
AR_214,Cluster 3 - Responsible AI & Ethics
AR_215,Cluster 3 - Responsible AI & Ethics
AR_216,Cluster 3 - Responsible AI & Ethics
AR_217,Cluster 3 - Responsible AI & Ethics
AR_218,Cluster 3 - Responsible AI & Ethics
AR_219,"Cluster 4 - Governance, Compliance & Legal"
AR_220,"Cluster 4 - Governance, Compliance & Legal"
AR_221,"Cluster 4 - Governance, Compliance & Legal"
AR_222,"Cluster 4 - Governance, Compliance & Legal"
AR_223,Cluster 3 - Responsible AI & Ethics
AR_224,Cluster 5 - Operational & Infrastructure Risk
AR_225,"Cluster 4 - Governance, Compliance & Legal"
AR_226,Cluster 3 - Responsible AI & Ethics
AR_227,"Cluster 4 - Governance, Compliance & Legal"
AR_228,"Cluster 4 - Governance, Compliance & Legal"
AR_229,Cluster 3 - Responsible AI & Ethics
AR_230,Cluster 5 - Operational & Infrastructure Risk
AR_231,"Cluster 4 - Governance, Compliance & Legal"
AR_232,"Cluster 4 - Governance, Compliance & Legal"
AR_233,"Cluster 4 - Governance, Compliance & Legal"
AR_234,Cluster 3 - Responsible AI & Ethics
AR_235,"Cluster 2 - Data, Privacy & Information Assets"
AR_236,Cluster 3 - Responsible AI & Ethics
AR_237,Cluster 1 - AI Technical & Model Integrity
AR_238,"Cluster 4 - Governance, Compliance & Legal"
AR_239,Cluster 5 - Operational & Infrastructure Risk
AR_240,Cluster 1 - AI Technical & Model Integrity
AR_241,Cluster 5 - Operational & Infrastructure Risk
AR_242,Cluster 3 - Responsible AI & Ethics
AR_243,Cluster 1 - AI Technical & Model Integrity
AR_244,"Cluster 4 - Governance, Compliance & Legal"
AR_245,"Cluster 4 - Governance, Compliance & Legal"
AR_246,"Cluster 4 - Governance, Compliance & Legal"
AR_247,Cluster 5 - Operational & Infrastructure Risk
AR_248,Cluster 1 - AI Technical & Model Integrity
AR_249,Cluster 1 - AI Technical & Model Integrity
AR_250,Cluster 5 - Operational & Infrastructure Risk
AR_251,Cluster 5 - Operational & Infrastructure Risk
AR_252,"Cluster 2 - Data, Privacy & Information Assets"
AR_253,"Cluster 4 - Governance, Compliance & Legal"
AR_254,"Cluster 4 - Governance, Compliance & Legal"
AR_255,"Cluster 2 - Data, Privacy & Information Assets"
AR_256,"Cluster 2 - Data, Privacy & Information Assets"
AR_257,"Cluster 2 - Data, Privacy & Information Assets"
AR_258,"Cluster 2 - Data, Privacy & Information Assets"
AR_259,"Cluster 2 - Data, Privacy & Information Assets"
AR_260,"Cluster 2 - Data, Privacy & Information Assets"
AR_261,Cluster 5 - Operational & Infrastructure Risk
AR_262,Cluster 1 - AI Technical & Model Integrity
AR_263,"Cluster 2 - Data, Privacy & Information Assets"
AR_264,Cluster 5 - Operational & Infrastructure Risk
AR_265,Cluster 1 - AI Technical & Model Integrity
AR_266,Cluster 1 - AI Technical & Model Integrity
AR_267,"Cluster 4 - Governance, Compliance & Legal"
AR_268,"Cluster 2 - Data, Privacy & Information Assets"
AR_269,"Cluster 2 - Data, Privacy & Information Assets"
AR_270,Cluster 5 - Operational & Infrastructure Risk
AR_271,"Cluster 2 - Data, Privacy & Information Assets"
AR_272,"Cluster 2 - Data, Privacy & Information Assets"
AR_273,"Cluster 4 - Governance, Compliance & Legal"
AR_274,Cluster 3 - Responsible AI & Ethics
AR_275,Cluster 1 - AI Technical & Model Integrity
AR_276,Cluster 3 - Responsible AI & Ethics
AR_277,Cluster 3 - Responsible AI & Ethics
AR_278,"Cluster 4 - Governance, Compliance & Legal"
AR_279,"Cluster 4 - Governance, Compliance & Legal"
AR_280,"Cluster 4 - Governance, Compliance & Legal"
AR_281,Cluster 5 - Operational & Infrastructure Risk
AR_282,Cluster 5 - Operational & Infrastructure Risk
AR_283,Cluster 3 - Responsible AI & Ethics
AR_284,Cluster 5 - Operational & Infrastructure Risk
AR_285,Cluster 5 - Operational & Infrastructure Risk
AR_286,Cluster 3 - Responsible AI & Ethics
AR_287,Cluster 3 - Responsible AI & Ethics
AR_288,Cluster 3 - Responsible AI & Ethics
AR_289,"Cluster 4 - Governance, Compliance & Legal"
AR_290,Cluster 3 - Responsible AI & Ethics
AR_291,"Cluster 4 - Governance, Compliance & Legal"
AR_292,Cluster 5 - Operational & Infrastructure Risk
AR_293,Cluster 3 - Responsible AI & Ethics
AR_294,Cluster 3 - Responsible AI & Ethics
AR_295,"Cluster 4 - Governance, Compliance & Legal"
AR_296,"Cluster 4 - Governance, Compliance & Legal"
AR_297,Cluster 3 - Responsible AI & Ethics
AR_298,Cluster 6 - Workforce & Organizational Change
AR_299,Cluster 5 - Operational & Infrastructure Risk
AR_300,"Cluster 4 - Governance, Compliance & Legal"
AR_301,"Cluster 4 - Governance, Compliance & Legal"
AR_302,Cluster 5 - Operational & Infrastructure Risk
AR_303,Cluster 5 - Operational & Infrastructure Risk
AR_304,"Cluster 4 - Governance, Compliance & Legal"
AR_305,Cluster 3 - Responsible AI & Ethics
AR_306,Cluster 3 - Responsible AI & Ethics
AR_307,Cluster 5 - Operational & Infrastructure Risk
AR_308,Cluster 5 - Operational & Infrastructure Risk
AR_309,Cluster 6 - Workforce & Organizational Change
AR_310,"Cluster 4 - Governance, Compliance & Legal"
AR_311,Cluster 5 - Operational & Infrastructure Risk
AR_312,Cluster 3 - Responsible AI & Ethics
AR_313,"Cluster 4 - Governance, Compliance & Legal"
AR_314,Cluster 3 - Responsible AI & Ethics
AR_315,"Cluster 2 - Data, Privacy & Information Assets"
AR_316,Cluster 5 - Operational & Infrastructure Risk
AR_317,Cluster 7 - Business Impact & Sustainability
AR_318,Cluster 1 - AI Technical & Model Integrity
AR_319,Cluster 1 - AI Technical & Model Integrity
AR_320,Cluster 1 - AI Technical & Model Integrity
AR_321,Cluster 5 - Operational & Infrastructure Risk
AR_322,Cluster 1 - AI Technical & Model Integrity
AR_323,Cluster 1 - AI Technical & Model Integrity
AR_324,Cluster 5 - Operational & Infrastructure Risk
AR_325,"Cluster 4 - Governance, Compliance & Legal"
AR_326,Cluster 5 - Operational & Infrastructure Risk
AR_327,Cluster 5 - Operational & Infrastructure Risk
AR_328,"Cluster 2 - Data, Privacy & Information Assets"
AR_329,"Cluster 4 - Governance, Compliance & Legal"
AR_330,Cluster 3 - Responsible AI & Ethics
AR_331,"Cluster 4 - Governance, Compliance & Legal"
AR_332,Cluster 3 - Responsible AI & Ethics
AR_333,"Cluster 4 - Governance, Compliance & Legal"
AR_334,Cluster 5 - Operational & Infrastructure Risk
AR_335,Cluster 1 - AI Technical & Model Integrity
AR_336,Cluster 5 - Operational & Infrastructure Risk
AR_337,Cluster 5 - Operational & Infrastructure Risk
AR_338,Cluster 3 - Responsible AI & Ethics
AR_339,Cluster 6 - Workforce & Organizational Change
AR_340,Cluster 3 - Responsible AI & Ethics
AR_341,Cluster 5 - Operational & Infrastructure Risk
AR_342,Cluster 5 - Operational & Infrastructure Risk
AR_343,Cluster 5 - Operational & Infrastructure Risk
AR_344,Cluster 5 - Operational & Infrastructure Risk
AR_345,Cluster 5 - Operational & Infrastructure Risk
AR_346,Cluster 6 - Workforce & Organizational Change
AR_347,Cluster 7 - Business Impact & Sustainability
AR_348,Cluster 6 - Workforce & Organizational Change
AR_349,"Cluster 2 - Data, Privacy & Information Assets"
AR_350,Cluster 3 - Responsible AI & Ethics
AR_351,Cluster 1 - AI Technical & Model Integrity
AR_352,Cluster 3 - Responsible AI & Ethics
AR_353,Cluster 3 - Responsible AI & Ethics
AR_354,Cluster 5 - Operational & Infrastructure Risk
AR_355,Cluster 5 - Operational & Infrastructure Risk
AR_356,"Cluster 4 - Governance, Compliance & Legal"
AR_357,"Cluster 4 - Governance, Compliance & Legal"
AR_358,"Cluster 4 - Governance, Compliance & Legal"
AR_359,"Cluster 2 - Data, Privacy & Information Assets"
AR_360,"Cluster 4 - Governance, Compliance & Legal"
AR_361,"Cluster 4 - Governance, Compliance & Legal"
AR_362,"Cluster 4 - Governance, Compliance & Legal"
AR_363,"Cluster 4 - Governance, Compliance & Legal"
AR_364,"Cluster 4 - Governance, Compliance & Legal"
AR_365,Cluster 1 - AI Technical & Model Integrity
AR_366,"Cluster 2 - Data, Privacy & Information Assets"
AR_367,Cluster 1 - AI Technical & Model Integrity
AR_368,"Cluster 4 - Governance, Compliance & Legal"
AR_369,Cluster 1 - AI Technical & Model Integrity
AR_370,Cluster 3 - Responsible AI & Ethics
AR_371,Cluster 5 - Operational & Infrastructure Risk
AR_372,Cluster 3 - Responsible AI & Ethics
AR_373,Cluster 3 - Responsible AI & Ethics
AR_374,Cluster 5 - Operational & Infrastructure Risk
AR_375,Cluster 5 - Operational & Infrastructure Risk
AR_376,Cluster 1 - AI Technical & Model Integrity
AR_377,Cluster 5 - Operational & Infrastructure Risk
AR_378,"Cluster 4 - Governance, Compliance & Legal"
AR_379,Cluster 5 - Operational & Infrastructure Risk
AR_380,"Cluster 2 - Data, Privacy & Information Assets"
AR_381,"Cluster 2 - Data, Privacy & Information Assets"
AR_382,"Cluster 2 - Data, Privacy & Information Assets"
AR_383,"Cluster 2 - Data, Privacy & Information Assets"
AR_384,Cluster 5 - Operational & Infrastructure Risk
AR_385,Cluster 1 - AI Technical & Model Integrity
AR_386,Cluster 3 - Responsible AI & Ethics
AR_387,Cluster 5 - Operational & Infrastructure Risk
AR_388,"Cluster 4 - Governance, Compliance & Legal"
AR_389,"Cluster 4 - Governance, Compliance & Legal"
AR_390,Cluster 5 - Operational & Infrastructure Risk
AR_391,"Cluster 2 - Data, Privacy & Information Assets"
AR_392,Cluster 5 - Operational & Infrastructure Risk
AR_393,Cluster 5 - Operational & Infrastructure Risk
AR_394,Cluster 5 - Operational & Infrastructure Risk
AR_395,Cluster 5 - Operational & Infrastructure Risk
AR_396,"Cluster 2 - Data, Privacy & Information Assets"
AR_397,Cluster 5 - Operational & Infrastructure Risk
AR_398,Cluster 5 - Operational & Infrastructure Risk
AR_399,Cluster 5 - Operational & Infrastructure Risk
AR_400,Cluster 5 - Operational & Infrastructure Risk
AR_401,Cluster 5 - Operational & Infrastructure Risk
AR_402,Cluster 5 - Operational & Infrastructure Risk
AR_403,Cluster 6 - Workforce & Organizational Change
AR_404,Cluster 6 - Workforce & Organizational Change
AR_405,Cluster 3 - Responsible AI & Ethics
AR_406,Cluster 6 - Workforce & Organizational Change
AR_407,Cluster 5 - Operational & Infrastructure Risk
AR_408,Cluster 5 - Operational & Infrastructure Risk
AR_409,Cluster 3 - Responsible AI & Ethics
AR_410,Cluster 5 - Operational & Infrastructure Risk
AR_411,"Cluster 2 - Data, Privacy & Information Assets"
AR_412,Cluster 3 - Responsible AI & Ethics
AR_413,Cluster 3 - Responsible AI & Ethics
AR_414,Cluster 3 - Responsible AI & Ethics
AR_415,Cluster 5 - Operational & Infrastructure Risk
AR_416,Cluster 3 - Responsible AI & Ethics
AR_417,"Cluster 4 - Governance, Compliance & Legal"
AR_418,"Cluster 4 - Governance, Compliance & Legal"
AR_419,"Cluster 4 - Governance, Compliance & Legal"
AR_420,Cluster 5 - Operational & Infrastructure Risk
AR_421,Cluster 5 - Operational & Infrastructure Risk
AR_422,Cluster 5 - Operational & Infrastructure Risk
AR_423,Cluster 3 - Responsible AI & Ethics
AR_424,Cluster 5 - Operational & Infrastructure Risk
AR_425,Cluster 5 - Operational & Infrastructure Risk
AR_426,Cluster 5 - Operational & Infrastructure Risk
AR_427,Cluster 5 - Operational & Infrastructure Risk
AR_428,Cluster 5 - Operational & Infrastructure Risk
AR_429,Cluster 5 - Operational & Infrastructure Risk
AR_430,Cluster 5 - Operational & Infrastructure Risk
AR_431,Cluster 5 - Operational & Infrastructure Risk
AR_432,"Cluster 4 - Governance, Compliance & Legal"
AR_433,Cluster 3 - Responsible AI & Ethics
AR_434,Cluster 3 - Responsible AI & Ethics
AR_435,Cluster 3 - Responsible AI & Ethics
AR_436,"Cluster 4 - Governance, Compliance & Legal"
AR_437,Cluster 5 - Operational & Infrastructure Risk
AR_438,Cluster 3 - Responsible AI & Ethics
AR_439,"Cluster 4 - Governance, Compliance & Legal"
AR_440,Cluster 3 - Responsible AI & Ethics
AR_441,"Cluster 4 - Governance, Compliance & Legal"
AR_442,"Cluster 4 - Governance, Compliance & Legal"
AR_443,Cluster 5 - Operational & Infrastructure Risk
AR_444,"Cluster 4 - Governance, Compliance & Legal"
AR_445,Cluster 5 - Operational & Infrastructure Risk
AR_446,Cluster 5 - Operational & Infrastructure Risk
AR_447,Cluster 5 - Operational & Infrastructure Risk
AR_448,Cluster 5 - Operational & Infrastructure Risk
AR_449,Cluster 7 - Business Impact & Sustainability
AR_450,Cluster 5 - Operational & Infrastructure Risk
AR_451,Cluster 5 - Operational & Infrastructure Risk
AR_452,Cluster 3 - Responsible AI & Ethics
AR_453,Cluster 5 - Operational & Infrastructure Risk
AR_454,"Cluster 4 - Governance, Compliance & Legal"
AR_455,Cluster 5 - Operational & Infrastructure Risk
AR_456,Cluster 5 - Operational & Infrastructure Risk
AR_457,Cluster 5 - Operational & Infrastructure Risk
AR_458,Cluster 5 - Operational & Infrastructure Risk
AR_459,"Cluster 4 - Governance, Compliance & Legal"
AR_460,Cluster 5 - Operational & Infrastructure Risk
AR_461,Cluster 5 - Operational & Infrastructure Risk
AR_462,Cluster 5 - Operational & Infrastructure Risk
AR_463,Cluster 3 - Responsible AI & Ethics
AR_464,"Cluster 4 - Governance, Compliance & Legal"
AR_465,"Cluster 4 - Governance, Compliance & Legal"
AR_466,Cluster 5 - Operational & Infrastructure Risk
AR_467,Cluster 5 - Operational & Infrastructure Risk
AR_468,Cluster 5 - Operational & Infrastructure Risk
AR_469,"Cluster 2 - Data, Privacy & Information Assets"
AR_470,"Cluster 2 - Data, Privacy & Information Assets"
AR_471,Cluster 5 - Operational & Infrastructure Risk
AR_472,"Cluster 4 - Governance, Compliance & Legal"
AR_473,Cluster 5 - Operational & Infrastructure Risk
AR_474,Cluster 5 - Operational & Infrastructure Risk
AR_475,Cluster 5 - Operational & Infrastructure Risk
AR_476,Cluster 3 - Responsible AI & Ethics
AR_477,Cluster 6 - Workforce & Organizational Change
AR_478,"Cluster 4 - Governance, Compliance & Legal"
AR_479,Cluster 5 - Operational & Infrastructure Risk
AR_480,Cluster 5 - Operational & Infrastructure Risk
AR_481,"Cluster 4 - Governance, Compliance & Legal"
AR_482,"Cluster 4 - Governance, Compliance & Legal"
AR_1001,Cluster 5 - Operational & Infrastructure Risk
AR_1002,Cluster 5 - Operational & Infrastructure Risk
AR_1003,"Cluster 2 - Data, Privacy & Information Assets"
AR_1004,Cluster 5 - Operational & Infrastructure Risk
AR_1010,Cluster 5 - Operational & Infrastructure Risk
AR_1011,Cluster 5 - Operational & Infrastructure Risk
AR_1012,Cluster 5 - Operational & Infrastructure Risk
AR_1013,"Cluster 4 - Governance, Compliance & Legal"
AR_1014,"Cluster 2 - Data, Privacy & Information Assets"
AR_1015,"Cluster 4 - Governance, Compliance & Legal"
AR_1016,"Cluster 2 - Data, Privacy & Information Assets"
AR_1017,Cluster 5 - Operational & Infrastructure Risk
AR_1019,Cluster 5 - Operational & Infrastructure Risk
AR_1020,"Cluster 2 - Data, Privacy & Information Assets"
AR_1021,"Cluster 2 - Data, Privacy & Information Assets"
AR_1023,Cluster 5 - Operational & Infrastructure Risk
AR_1024,Cluster 5 - Operational & Infrastructure Risk
AR_1026,Cluster 1 - AI Technical & Model Integrity
AR_1027,Cluster 5 - Operational & Infrastructure Risk
AR_1028,"Cluster 2 - Data, Privacy & Information Assets"
AR_1029,Cluster 5 - Operational & Infrastructure Risk
AR_1030,Cluster 5 - Operational & Infrastructure Risk
AR_1031,"Cluster 2 - Data, Privacy & Information Assets"
AR_1032,Cluster 5 - Operational & Infrastructure Risk
AR_1034,"Cluster 2 - Data, Privacy & Information Assets"
AR_1035,"Cluster 2 - Data, Privacy & Information Assets"
AR_1036,Cluster 5 - Operational & Infrastructure Risk
AR_1037,Cluster 1 - AI Technical & Model Integrity
AR_1038,Cluster 3 - Responsible AI & Ethics
AR_1040,"Cluster 2 - Data, Privacy & Information Assets"
AR_1041,"Cluster 2 - Data, Privacy & Information Assets"
AR_1043,Cluster 1 - AI Technical & Model Integrity
AR_1044,"Cluster 2 - Data, Privacy & Information Assets"
AR_1045,"Cluster 2 - Data, Privacy & Information Assets"
AR_1046,"Cluster 2 - Data, Privacy & Information Assets"
AR_1047,"Cluster 2 - Data, Privacy & Information Assets"
AR_1048,"Cluster 2 - Data, Privacy & Information Assets"
AR_1049,"Cluster 2 - Data, Privacy & Information Assets"
AR_1050,Cluster 1 - AI Technical & Model Integrity
AR_1051,"Cluster 4 - Governance, Compliance & Legal"
AR_1053,Cluster 3 - Responsible AI & Ethics
AR_1054,"Cluster 2 - Data, Privacy & Information Assets"
AR_1055,Cluster 3 - Responsible AI & Ethics
AR_1056,"Cluster 2 - Data, Privacy & Information Assets"
AR_1057,"Cluster 2 - Data, Privacy & Information Assets"
AR_1058,Cluster 5 - Operational & Infrastructure Risk
AR_1059,Cluster 5 - Operational & Infrastructure Risk
AR_1060,Cluster 5 - Operational & Infrastructure Risk
AR_1061,"Cluster 2 - Data, Privacy & Information Assets"
AR_1062,Cluster 5 - Operational & Infrastructure Risk
AR_1063,"Cluster 2 - Data, Privacy & Information Assets"
AR_1064,Cluster 1 - AI Technical & Model Integrity
AR_1065,Cluster 1 - AI Technical & Model Integrity
AR_1066,Cluster 5 - Operational & Infrastructure Risk
AR_1067,Cluster 1 - AI Technical & Model Integrity
AR_1068,Cluster 5 - Operational & Infrastructure Risk
AR_1077,Cluster 5 - Operational & Infrastructure Risk
AR_1082,"Cluster 2 - Data, Privacy & Information Assets"
AR_1083,"Cluster 2 - Data, Privacy & Information Assets"
AR_1087,Cluster 5 - Operational & Infrastructure Risk
AR_1088,Cluster 5 - Operational & Infrastructure Risk
AR_1092,Cluster 5 - Operational & Infrastructure Risk
AR_1093,"Cluster 4 - Governance, Compliance & Legal"
AR_1094,Cluster 5 - Operational & Infrastructure Risk
AR_1095,Cluster 5 - Operational & Infrastructure Risk
AR_1096,Cluster 5 - Operational & Infrastructure Risk
AR_1097,Cluster 5 - Operational & Infrastructure Risk
AR_1098,"Cluster 2 - Data, Privacy & Information Assets"
AR_1099,"Cluster 2 - Data, Privacy & Information Assets"
AR_1100,"Cluster 2 - Data, Privacy & Information Assets"
AR_1101,"Cluster 2 - Data, Privacy & Information Assets"
AR_1102,Cluster 1 - AI Technical & Model Integrity
AR_1103,Cluster 3 - Responsible AI & Ethics
AR_1104,Cluster 5 - Operational & Infrastructure Risk
AR_1105,"Cluster 2 - Data, Privacy & Information Assets"
AR_1106,"Cluster 2 - Data, Privacy & Information Assets"
AR_1107,"Cluster 2 - Data, Privacy & Information Assets"
AR_1108,"Cluster 2 - Data, Privacy & Information Assets"
AR_1110,"Cluster 2 - Data, Privacy & Information Assets"
AR_1111,Cluster 5 - Operational & Infrastructure Risk
AR_1112,"Cluster 2 - Data, Privacy & Information Assets"
AR_1113,Cluster 1 - AI Technical & Model Integrity
AR_1114,"Cluster 2 - Data, Privacy & Information Assets"
AR_1115,Cluster 5 - Operational & Infrastructure Risk
AR_1117,Cluster 5 - Operational & Infrastructure Risk
AR_1120,Cluster 5 - Operational & Infrastructure Risk
AR_1121,Cluster 5 - Operational & Infrastructure Risk
AR_1122,Cluster 5 - Operational & Infrastructure Risk
AR_1124,Cluster 5 - Operational & Infrastructure Risk
AR_1125,Cluster 5 - Operational & Infrastructure Risk
AR_1126,Cluster 5 - Operational & Infrastructure Risk
AR_1127,Cluster 5 - Operational & Infrastructure Risk
AR_1128,Cluster 5 - Operational & Infrastructure Risk
AR_1129,Cluster 5 - Operational & Infrastructure Risk
AR_1130,Cluster 5 - Operational & Infrastructure Risk
AR_1131,"Cluster 2 - Data, Privacy & Information Assets"
AR_1132,Cluster 5 - Operational & Infrastructure Risk
AR_1133,Cluster 5 - Operational & Infrastructure Risk
AR_1134,"Cluster 2 - Data, Privacy & Information Assets"
AR_1135,"Cluster 2 - Data, Privacy & Information Assets"
AR_1136,Cluster 5 - Operational & Infrastructure Risk
AR_1137,Cluster 5 - Operational & Infrastructure Risk
AR_1138,Cluster 5 - Operational & Infrastructure Risk
AR_1139,Cluster 5 - Operational & Infrastructure Risk
AR_1140,Cluster 5 - Operational & Infrastructure Risk
AR_1141,"Cluster 2 - Data, Privacy & Information Assets"
AR_1142,"Cluster 2 - Data, Privacy & Information Assets"
AR_1143,"Cluster 2 - Data, Privacy & Information Assets"
AR_1144,"Cluster 2 - Data, Privacy & Information Assets"
AR_1145,"Cluster 2 - Data, Privacy & Information Assets"
AR_1146,Cluster 5 - Operational & Infrastructure Risk
AR_1147,Cluster 5 - Operational & Infrastructure Risk
AR_1149,"Cluster 4 - Governance, Compliance & Legal"
AR_1150,Cluster 5 - Operational & Infrastructure Risk
AR_1151,Cluster 5 - Operational & Infrastructure Risk
AR_1152,Cluster 5 - Operational & Infrastructure Risk
AR_1153,Cluster 5 - Operational & Infrastructure Risk
AR_1154,Cluster 5 - Operational & Infrastructure Risk
AR_1155,Cluster 5 - Operational & Infrastructure Risk
AR_1156,Cluster 5 - Operational & Infrastructure Risk
AR_1157,Cluster 5 - Operational & Infrastructure Risk
AR_1158,Cluster 5 - Operational & Infrastructure Risk
AR_1159,Cluster 5 - Operational & Infrastructure Risk
AR_1166,Cluster 6 - Workforce & Organizational Change
AR_1167,"Cluster 4 - Governance, Compliance & Legal"
AR_1172,"Cluster 4 - Governance, Compliance & Legal"
AR_1177,Cluster 5 - Operational & Infrastructure Risk
AR_1178,"Cluster 4 - Governance, Compliance & Legal"
AR_1180,Cluster 3 - Responsible AI & Ethics
AR_1181,Cluster 3 - Responsible AI & Ethics
AR_1182,"Cluster 4 - Governance, Compliance & Legal"
AR_1184,"Cluster 4 - Governance, Compliance & Legal"
AR_1187,Cluster 1 - AI Technical & Model Integrity
AR_1188,"Cluster 2 - Data, Privacy & Information Assets"
AR_1189,"Cluster 2 - Data, Privacy & Information Assets"
AR_1190,Cluster 3 - Responsible AI & Ethics
AR_1191,"Cluster 2 - Data, Privacy & Information Assets"
AR_1192,"Cluster 2 - Data, Privacy & Information Assets"
AR_1193,"Cluster 2 - Data, Privacy & Information Assets"
AR_1195,"Cluster 4 - Governance, Compliance & Legal"
AR_1198,"Cluster 4 - Governance, Compliance & Legal"
AR_1199,Cluster 5 - Operational & Infrastructure Risk
AR_1214,Cluster 3 - Responsible AI & Ethics
AR_1216,Cluster 3 - Responsible AI & Ethics
AR_1226,Cluster 3 - Responsible AI & Ethics
AR_1228,"Cluster 4 - Governance, Compliance & Legal"
AR_1229,Cluster 3 - Responsible AI & Ethics
AR_1235,"Cluster 2 - Data, Privacy & Information Assets"
AR_1236,Cluster 3 - Responsible AI & Ethics
AR_1239,Cluster 5 - Operational & Infrastructure Risk
AR_1240,Cluster 1 - AI Technical & Model Integrity
AR_1241,Cluster 5 - Operational & Infrastructure Risk
AR_1243,Cluster 1 - AI Technical & Model Integrity
AR_1249,Cluster 1 - AI Technical & Model Integrity
AR_1250,Cluster 5 - Operational & Infrastructure Risk
AR_1251,Cluster 5 - Operational & Infrastructure Risk
AR_1252,"Cluster 2 - Data, Privacy & Information Assets"
AR_1256,"Cluster 2 - Data, Privacy & Information Assets"
AR_1261,Cluster 5 - Operational & Infrastructure Risk
AR_1265,Cluster 1 - AI Technical & Model Integrity
AR_1266,Cluster 1 - AI Technical & Model Integrity
AR_1269,"Cluster 2 - Data, Privacy & Information Assets"
AR_1272,"Cluster 2 - Data, Privacy & Information Assets"
AR_1278,"Cluster 4 - Governance, Compliance & Legal"
AR_1279,"Cluster 4 - Governance, Compliance & Legal"
AR_1280,"Cluster 4 - Governance, Compliance & Legal"
AR_1282,Cluster 5 - Operational & Infrastructure Risk
AR_1283,Cluster 3 - Responsible AI & Ethics
AR_1284,Cluster 5 - Operational & Infrastructure Risk
AR_1285,Cluster 5 - Operational & Infrastructure Risk
AR_1288,Cluster 3 - Responsible AI & Ethics
AR_1289,"Cluster 4 - Governance, Compliance & Legal"
AR_1290,Cluster 3 - Responsible AI & Ethics
AR_1292,Cluster 5 - Operational & Infrastructure Risk
AR_1293,Cluster 3 - Responsible AI & Ethics
AR_1299,Cluster 5 - Operational & Infrastructure Risk
AR_1300,"Cluster 4 - Governance, Compliance & Legal"
AR_1302,Cluster 5 - Operational & Infrastructure Risk
AR_1304,"Cluster 4 - Governance, Compliance & Legal"
AR_1307,Cluster 5 - Operational & Infrastructure Risk
AR_1313,"Cluster 4 - Governance, Compliance & Legal"
AR_1314,Cluster 3 - Responsible AI & Ethics
AR_1320,Cluster 1 - AI Technical & Model Integrity
AR_1321,Cluster 5 - Operational & Infrastructure Risk
AR_1327,Cluster 5 - Operational & Infrastructure Risk
AR_1328,"Cluster 2 - Data, Privacy & Information Assets"
AR_1334,Cluster 5 - Operational & Infrastructure Risk
AR_1335,Cluster 1 - AI Technical & Model Integrity
AR_1337,Cluster 5 - Operational & Infrastructure Risk
AR_1340,Cluster 3 - Responsible AI & Ethics
AR_1341,Cluster 5 - Operational & Infrastructure Risk
AR_1342,Cluster 5 - Operational & Infrastructure Risk
AR_1343,Cluster 5 - Operational & Infrastructure Risk
AR_1344,Cluster 5 - Operational & Infrastructure Risk
AR_1345,Cluster 5 - Operational & Infrastructure Risk
AR_1348,Cluster 6 - Workforce & Organizational Change
AR_1349,"Cluster 2 - Data, Privacy & Information Assets"
AR_1351,Cluster 1 - AI Technical & Model Integrity
AR_1352,Cluster 3 - Responsible AI & Ethics
AR_1353,Cluster 3 - Responsible AI & Ethics
AR_1354,Cluster 5 - Operational & Infrastructure Risk
AR_1355,Cluster 5 - Operational & Infrastructure Risk
AR_1356,"Cluster 4 - Governance, Compliance & Legal"
AR_1357,"Cluster 4 - Governance, Compliance & Legal"
AR_1358,"Cluster 4 - Governance, Compliance & Legal"
AR_1365,Cluster 1 - AI Technical & Model Integrity
AR_1366,"Cluster 2 - Data, Privacy & Information Assets"
AR_1367,Cluster 1 - AI Technical & Model Integrity
AR_1369,Cluster 1 - AI Technical & Model Integrity
AR_1370,Cluster 3 - Responsible AI & Ethics
AR_1371,Cluster 5 - Operational & Infrastructure Risk
AR_1374,Cluster 5 - Operational & Infrastructure Risk
AR_1376,Cluster 1 - AI Technical & Model Integrity
AR_1377,Cluster 5 - Operational & Infrastructure Risk
AR_1379,Cluster 5 - Operational & Infrastructure Risk
AR_1380,"Cluster 2 - Data, Privacy & Information Assets"
AR_1381,"Cluster 2 - Data, Privacy & Information Assets"
AR_1385,Cluster 1 - AI Technical & Model Integrity
AR_1392,Cluster 5 - Operational & Infrastructure Risk
AR_1393,Cluster 5 - Operational & Infrastructure Risk
AR_1398,Cluster 5 - Operational & Infrastructure Risk
AR_1399,Cluster 5 - Operational & Infrastructure Risk
AR_1401,Cluster 5 - Operational & Infrastructure Risk
AR_1402,Cluster 5 - Operational & Infrastructure Risk
AR_1404,Cluster 6 - Workforce & Organizational Change
AR_1410,Cluster 5 - Operational & Infrastructure Risk
AR_1411,"Cluster 2 - Data, Privacy & Information Assets"
AR_1412,Cluster 3 - Responsible AI & Ethics
AR_1414,Cluster 3 - Responsible AI & Ethics
AR_1415,Cluster 5 - Operational & Infrastructure Risk
AR_1421,Cluster 5 - Operational & Infrastructure Risk
AR_1434,Cluster 3 - Responsible AI & Ethics
AR_GOV_01,"Cluster 4 - Governance, Compliance & Legal"
AR_GOV_02,"Cluster 2 - Data, Privacy & Information Assets"
AR_GOV_03,Cluster 7 - Business Impact & Sustainability
AR_GOV_04,"Cluster 4 - Governance, Compliance & Legal"
AR_GOV_05,Cluster 5 - Operational & Infrastructure Risk
AR_GOV_06,"Cluster 4 - Governance, Compliance & Legal"
AR_GOV_07,Cluster 7 - Business Impact & Sustainability
AR_GOV_08,Cluster 7 - Business Impact & Sustainability
AR_GOV_09,"Cluster 4 - Governance, Compliance & Legal"
AR_GOV_10,Cluster 3 - Responsible AI & Ethics
AR_GOV_11,"Cluster 4 - Governance, Compliance & Legal"
AR_GOV_12,"Cluster 2 - Data, Privacy & Information Assets"
AR_GOV_13,"Cluster 4 - Governance, Compliance & Legal"
AR_GOV_14,"Cluster 2 - Data, Privacy & Information Assets"
AR_GOV_15,"Cluster 4 - Governance, Compliance & Legal"
AR_GOV_16,Cluster 3 - Responsible AI & Ethics
AR_GOV_17,Cluster 5 - Operational & Infrastructure Risk
AR_GOV_18,Cluster 3 - Responsible AI & Ethics
AR_GOV_19,"Cluster 2 - Data, Privacy & Information Assets"
AR_GOV_20,Cluster 6 - Workforce & Organizational Change
AR_LEG_01,Cluster 1 - AI Technical & Model Integrity
AR_LEG_02,"Cluster 2 - Data, Privacy & Information Assets"
AR_LEG_03,Cluster 5 - Operational & Infrastructure Risk
AR_LEG_04,Cluster 3 - Responsible AI & Ethics
AR_LEG_05,"Cluster 4 - Governance, Compliance & Legal"
AR_LEG_06,Cluster 3 - Responsible AI & Ethics
AR_LEG_07,Cluster 7 - Business Impact & Sustainability
AR_LEG_08,"Cluster 4 - Governance, Compliance & Legal"
AR_LEG_09,Cluster 1 - AI Technical & Model Integrity
AR_LEG_10,Cluster 3 - Responsible AI & Ethics
AR_LEG_11,"Cluster 4 - Governance, Compliance & Legal"
AR_LEG_12,"Cluster 4 - Governance, Compliance & Legal"
AR_LEG_13,Cluster 1 - AI Technical & Model Integrity
AR_LEG_14,Cluster 3 - Responsible AI & Ethics
AR_LEG_15,Cluster 5 - Operational & Infrastructure Risk
AR_LEG_16,Cluster 6 - Workforce & Organizational Change
AR_LEG_17,Cluster 1 - AI Technical & Model Integrity
AR_LEG_18,Cluster 3 - Responsible AI & Ethics
AR_LEG_19,"Cluster 2 - Data, Privacy & Information Assets"
AR_LEG_20,Cluster 7 - Business Impact & Sustainability
AR_TRN_01,"Cluster 4 - Governance, Compliance & Legal"
AR_TRN_02,Cluster 3 - Responsible AI & Ethics
AR_TRN_03,Cluster 5 - Operational & Infrastructure Risk
AR_TRN_04,Cluster 3 - Responsible AI & Ethics
AR_TRN_05,Cluster 3 - Responsible AI & Ethics
AR_TRN_06,"Cluster 4 - Governance, Compliance & Legal"
AR_TRN_07,Cluster 5 - Operational & Infrastructure Risk
AR_TRN_08,"Cluster 2 - Data, Privacy & Information Assets"
AR_TRN_09,"Cluster 4 - Governance, Compliance & Legal"
AR_TRN_10,Cluster 3 - Responsible AI & Ethics
AR_TRN_11,Cluster 5 - Operational & Infrastructure Risk
AR_TRN_12,Cluster 5 - Operational & Infrastructure Risk
AR_TRN_13,Cluster 5 - Operational & Infrastructure Risk
AR_TRN_14,Cluster 5 - Operational & Infrastructure Risk
AR_TRN_15,Cluster 5 - Operational & Infrastructure Risk
AR_TRN_16,Cluster 5 - Operational & Infrastructure Risk
AR_TRN_17,Cluster 5 - Operational & Infrastructure Risk
AR_TRN_18,Cluster 5 - Operational & Infrastructure Risk
AR_TRN_19,Cluster 5 - Operational & Infrastructure Risk
AR_TRN_20,Cluster 5 - Operational & Infrastructure Risk
AR_UTL_01,Cluster 6 - Workforce & Organizational Change
AR_UTL_02,Cluster 3 - Responsible AI & Ethics
AR_UTL_03,Cluster 5 - Operational & Infrastructure Risk
AR_UTL_04,Cluster 3 - Responsible AI & Ethics
AR_UTL_05,Cluster 1 - AI Technical & Model Integrity
AR_UTL_06,Cluster 5 - Operational & Infrastructure Risk
AR_UTL_07,Cluster 5 - Operational & Infrastructure Risk
AR_UTL_08,"Cluster 4 - Governance, Compliance & Legal"
AR_UTL_09,Cluster 5 - Operational & Infrastructure Risk
AR_UTL_10,"Cluster 4 - Governance, Compliance & Legal"
AR_UTL_11,"Cluster 4 - Governance, Compliance & Legal"
AR_UTL_12,"Cluster 4 - Governance, Compliance & Legal"
AR_UTL_13,Cluster 5 - Operational & Infrastructure Risk
AR_UTL_14,"Cluster 4 - Governance, Compliance & Legal"
AR_UTL_15,"Cluster 4 - Governance, Compliance & Legal"
AR_UTL_16,Cluster 6 - Workforce & Organizational Change
AR_UTL_17,Cluster 5 - Operational & Infrastructure Risk
AR_UTL_18,"Cluster 2 - Data, Privacy & Information Assets"
AR_UTL_19,Cluster 5 - Operational & Infrastructure Risk
AR_UTL_20,Cluster 3 - Responsible AI & Ethics
AR_US_FED_01,Cluster 3 - Responsible AI & Ethics
AR_US_FED_02,Cluster 3 - Responsible AI & Ethics
AR_US_FED_03,"Cluster 2 - Data, Privacy & Information Assets"
AR_US_FED_04,Cluster 3 - Responsible AI & Ethics
AR_US_FED_05,"Cluster 2 - Data, Privacy & Information Assets"
AR_US_FED_06,Cluster 3 - Responsible AI & Ethics
AR_US_FED_07,Cluster 3 - Responsible AI & Ethics
AR_US_FED_08,Cluster 3 - Responsible AI & Ethics
AR_US_FED_09,"Cluster 2 - Data, Privacy & Information Assets"
AR_US_FED_10,"Cluster 4 - Governance, Compliance & Legal"
AR_TX_01,"Cluster 2 - Data, Privacy & Information Assets"
AR_TX_02,"Cluster 2 - Data, Privacy & Information Assets"
AR_TX_03,"Cluster 2 - Data, Privacy & Information Assets"
AR_TX_04,"Cluster 4 - Governance, Compliance & Legal"
AR_ON_PHIPA_01,"Cluster 2 - Data, Privacy & Information Assets"
AR_ON_PHIPA_02,"Cluster 2 - Data, Privacy & Information Assets"
AR_ON_PHIPA_03,Cluster 5 - Operational & Infrastructure Risk
AR_QC_FRENCH_01,"Cluster 4 - Governance, Compliance & Legal"
AR_QC_FRENCH_02,"Cluster 2 - Data, Privacy & Information Assets"
AR_NY_DFS_01,Cluster 5 - Operational & Infrastructure Risk
AR_NY_DFS_02,Cluster 5 - Operational & Infrastructure Risk
AR_EU_DSA_01,Cluster 3 - Responsible AI & Ethics
AR_EU_DSA_02,"Cluster 4 - Governance, Compliance & Legal"
AR_EU_DSA_03,"Cluster 4 - Governance, Compliance & Legal"
AR_EU_MDR_01,"Cluster 4 - Governance, Compliance & Legal"
AR_EU_MDR_02,"Cluster 4 - Governance, Compliance & Legal"
AR_EU_MIFID_01,Cluster 1 - AI Technical & Model Integrity
AR_EU_DATA_ACT_01,"Cluster 2 - Data, Privacy & Information Assets"
AR_EU_ACCESSIBILITY_01,Cluster 3 - Responsible AI & Ethics
AR_CA_FED_OSFI_01,Cluster 1 - AI Technical & Model Integrity
AR_CA_FED_ACCESSIBILITY_01,Cluster 3 - Responsible AI & Ethics
AR_CA_FED_EMPLOYMENT_01,Cluster 3 - Responsible AI & Ethics
AR_CA_ST_FEHA_01,Cluster 3 - Responsible AI & Ethics
AR_CA_ST_AB2013_01,"Cluster 4 - Governance, Compliance & Legal"
AR_CO_EQUAL_PAY_01,Cluster 3 - Responsible AI & Ethics
AR_BC_HUMAN_RIGHTS_01,Cluster 3 - Responsible AI & Ethics
AR_NY_ST_HUMAN_RIGHTS_01,Cluster 3 - Responsible AI & Ethics
AR_EU_GDPR_ARTICLE22_01,Cluster 3 - Responsible AI & Ethics
AR_EU_PRIVACY_BY_DESIGN_01,"Cluster 2 - Data, Privacy & Information Assets"
AR_EU_EQUALITY_DIRECTIVE_01,Cluster 3 - Responsible AI & Ethics
AR_BC_01,"Cluster 4 - Governance, Compliance & Legal"
AR_BC_02,"Cluster 2 - Data, Privacy & Information Assets"
AR_BC_03,"Cluster 4 - Governance, Compliance & Legal"
AR_BC_04,"Cluster 2 - Data, Privacy & Information Assets"
AR_BC_05,"Cluster 2 - Data, Privacy & Information Assets"
AR_BC_06,Cluster 5 - Operational & Infrastructure Risk
AR_BC_07,Cluster 1 - AI Technical & Model Integrity
AR_BC_08,"Cluster 2 - Data, Privacy & Information Assets"
AR_BC_09,"Cluster 2 - Data, Privacy & Information Assets"
AR_BC_10,Cluster 1 - AI Technical & Model Integrity
AR_CA_01,Cluster 1 - AI Technical & Model Integrity
AR_CA_02,"Cluster 2 - Data, Privacy & Information Assets"
AR_CA_03,Cluster 1 - AI Technical & Model Integrity
AR_CA_04,"Cluster 2 - Data, Privacy & Information Assets"
AR_CA_05,Cluster 1 - AI Technical & Model Integrity
AR_CA_06,"Cluster 4 - Governance, Compliance & Legal"
AR_CA_07,"Cluster 2 - Data, Privacy & Information Assets"
AR_CA_08,Cluster 1 - AI Technical & Model Integrity
AR_CA_09,"Cluster 2 - Data, Privacy & Information Assets"
AR_CA_10,"Cluster 4 - Governance, Compliance & Legal"
AR_CA_11,"Cluster 2 - Data, Privacy & Information Assets"
AR_CA_12,Cluster 1 - AI Technical & Model Integrity
AR_CA_13,"Cluster 2 - Data, Privacy & Information Assets"
AR_CA_14,Cluster 5 - Operational & Infrastructure Risk
AR_CA_15,Cluster 5 - Operational & Infrastructure Risk
AR_CA_16,Cluster 1 - AI Technical & Model Integrity
AR_CA_17,"Cluster 4 - Governance, Compliance & Legal"
AR_CA_18,Cluster 1 - AI Technical & Model Integrity
AR_CA_19,Cluster 3 - Responsible AI & Ethics
AR_CA_20,Cluster 3 - Responsible AI & Ethics
AR_CA_ST_01,"Cluster 2 - Data, Privacy & Information Assets"
AR_CA_ST_02,"Cluster 2 - Data, Privacy & Information Assets"
AR_CA_ST_03,Cluster 1 - AI Technical & Model Integrity
AR_CA_ST_04,"Cluster 4 - Governance, Compliance & Legal"
AR_CA_ST_05,"Cluster 4 - Governance, Compliance & Legal"
AR_CA_ST_06,"Cluster 2 - Data, Privacy & Information Assets"
AR_CA_ST_07,"Cluster 4 - Governance, Compliance & Legal"
AR_CA_ST_08,"Cluster 2 - Data, Privacy & Information Assets"
AR_CA_ST_09,Cluster 5 - Operational & Infrastructure Risk
AR_CA_ST_10,"Cluster 4 - Governance, Compliance & Legal"
AR_CO_01,"Cluster 4 - Governance, Compliance & Legal"
AR_CO_02,Cluster 3 - Responsible AI & Ethics
AR_CO_03,Cluster 3 - Responsible AI & Ethics
AR_CO_04,"Cluster 2 - Data, Privacy & Information Assets"
AR_CO_05,"Cluster 4 - Governance, Compliance & Legal"
AR_CO_06,"Cluster 4 - Governance, Compliance & Legal"
AR_CO_07,Cluster 3 - Responsible AI & Ethics
AR_CO_08,"Cluster 4 - Governance, Compliance & Legal"
AR_CO_09,"Cluster 2 - Data, Privacy & Information Assets"
AR_CO_10,"Cluster 4 - Governance, Compliance & Legal"
AR_EU_01,"Cluster 4 - Governance, Compliance & Legal"
AR_EU_02,"Cluster 4 - Governance, Compliance & Legal"
AR_EU_03,"Cluster 4 - Governance, Compliance & Legal"
AR_EU_04,"Cluster 4 - Governance, Compliance & Legal"
AR_EU_05,Cluster 3 - Responsible AI & Ethics
AR_EU_06,"Cluster 2 - Data, Privacy & Information Assets"
AR_EU_07,Cluster 5 - Operational & Infrastructure Risk
AR_EU_08,"Cluster 4 - Governance, Compliance & Legal"
AR_EU_09,Cluster 3 - Responsible AI & Ethics
AR_EU_10,"Cluster 2 - Data, Privacy & Information Assets"
AR_EU_11,Cluster 1 - AI Technical & Model Integrity
AR_EU_12,Cluster 5 - Operational & Infrastructure Risk
AR_EU_13,Cluster 5 - Operational & Infrastructure Risk
AR_EU_14,"Cluster 4 - Governance, Compliance & Legal"
AR_EU_15,"Cluster 4 - Governance, Compliance & Legal"
AR_EU_16,"Cluster 4 - Governance, Compliance & Legal"
AR_EU_17,"Cluster 4 - Governance, Compliance & Legal"
AR_EU_18,"Cluster 2 - Data, Privacy & Information Assets"
AR_EU_19,Cluster 3 - Responsible AI & Ethics
AR_EU_20,"Cluster 4 - Governance, Compliance & Legal"
AR_NY_01,Cluster 3 - Responsible AI & Ethics
AR_NY_02,"Cluster 4 - Governance, Compliance & Legal"
AR_NY_03,"Cluster 2 - Data, Privacy & Information Assets"
AR_NY_04,Cluster 5 - Operational & Infrastructure Risk
AR_NY_05,Cluster 3 - Responsible AI & Ethics
AR_NY_06,Cluster 3 - Responsible AI & Ethics
AR_NY_07,"Cluster 2 - Data, Privacy & Information Assets"
AR_NY_08,Cluster 5 - Operational & Infrastructure Risk
AR_NY_09,"Cluster 4 - Governance, Compliance & Legal"
AR_NY_10,"Cluster 4 - Governance, Compliance & Legal"
AR_ON_01,"Cluster 4 - Governance, Compliance & Legal"
AR_ON_02,"Cluster 4 - Governance, Compliance & Legal"
AR_ON_03,"Cluster 2 - Data, Privacy & Information Assets"
AR_ON_04,"Cluster 2 - Data, Privacy & Information Assets"
AR_ON_05,"Cluster 2 - Data, Privacy & Information Assets"
AR_ON_06,"Cluster 2 - Data, Privacy & Information Assets"
AR_ON_07,Cluster 1 - AI Technical & Model Integrity
AR_ON_08,"Cluster 4 - Governance, Compliance & Legal"
AR_ON_09,"Cluster 4 - Governance, Compliance & Legal"
AR_ON_10,Cluster 1 - AI Technical & Model Integrity
AR_QC_01,"Cluster 4 - Governance, Compliance & Legal"
AR_QC_02,"Cluster 4 - Governance, Compliance & Legal"
AR_QC_03,Cluster 1 - AI Technical & Model Integrity
AR_QC_04,Cluster 3 - Responsible AI & Ethics
AR_QC_05,"Cluster 2 - Data, Privacy & Information Assets"
AR_QC_06,"Cluster 2 - Data, Privacy & Information Assets"
AR_QC_07,Cluster 5 - Operational & Infrastructure Risk
AR_QC_08,"Cluster 2 - Data, Privacy & Information Assets"
AR_QC_09,"Cluster 4 - Governance, Compliance & Legal"
AR_QC_10,"Cluster 2 - Data, Privacy & Information Assets"
AR_TX_01_v2,"Cluster 4 - Governance, Compliance & Legal"
AR_TX_02_v2,"Cluster 2 - Data, Privacy & Information Assets"
AR_TX_03_v2,"Cluster 2 - Data, Privacy & Information Assets"
AR_TX_04_v2,"Cluster 4 - Governance, Compliance & Legal"
AR_TX_05,"Cluster 2 - Data, Privacy & Information Assets"
AR_TX_06,"Cluster 2 - Data, Privacy & Information Assets"
AR_TX_07,Cluster 5 - Operational & Infrastructure Risk
AR_TX_08,"Cluster 4 - Governance, Compliance & Legal"
AR_TX_09,Cluster 5 - Operational & Infrastructure Risk
AR_TX_10,"Cluster 4 - Governance, Compliance & Legal"
AR_US_01,"Cluster 4 - Governance, Compliance & Legal"
AR_US_02,Cluster 3 - Responsible AI & Ethics
AR_US_03,Cluster 3 - Responsible AI & Ethics
AR_US_04,"Cluster 4 - Governance, Compliance & Legal"
AR_US_05,"Cluster 4 - Governance, Compliance & Legal"
AR_US_06,Cluster 3 - Responsible AI & Ethics
AR_US_07,"Cluster 2 - Data, Privacy & Information Assets"
AR_US_08,"Cluster 4 - Governance, Compliance & Legal"
AR_US_09,"Cluster 4 - Governance, Compliance & Legal"
AR_US_10,Cluster 6 - Workforce & Organizational Change
AR_US_11,"Cluster 2 - Data, Privacy & Information Assets"
AR_US_12,"Cluster 4 - Governance, Compliance & Legal"
AR_US_13,Cluster 3 - Responsible AI & Ethics
AR_US_14,"Cluster 2 - Data, Privacy & Information Assets"
AR_US_15,Cluster 5 - Operational & Infrastructure Risk
AR_US_16,Cluster 5 - Operational & Infrastructure Risk
AR_US_17,"Cluster 4 - Governance, Compliance & Legal"
AR_US_18,Cluster 3 - Responsible AI & Ethics
AR_US_19,Cluster 6 - Workforce & Organizational Change
AR_US_20,"Cluster 4 - Governance, Compliance & Legal"
AR_ISO_01,"Cluster 4 - Governance, Compliance & Legal"
AR_ISO_02,"Cluster 4 - Governance, Compliance & Legal"
AR_ISO_03,"Cluster 4 - Governance, Compliance & Legal"
AR_ISO_04,"Cluster 4 - Governance, Compliance & Legal"
AR_ISO_05,Cluster 6 - Workforce & Organizational Change
AR_ISO_06,"Cluster 4 - Governance, Compliance & Legal"
AR_ISO_07,Cluster 1 - AI Technical & Model Integrity
AR_ISO_08,"Cluster 4 - Governance, Compliance & Legal"
AR_ISO_09,Cluster 6 - Workforce & Organizational Change
AR_ISO_10,Cluster 1 - AI Technical & Model Integrity
AR_ISO_11,"Cluster 4 - Governance, Compliance & Legal"
AR_ISO_12,"Cluster 4 - Governance, Compliance & Legal"
AR_ISO_13,Cluster 5 - Operational & Infrastructure Risk
AR_ISO_14,"Cluster 4 - Governance, Compliance & Legal"
AR_ISO_15,Cluster 1 - AI Technical & Model Integrity
AR_ISO_16,"Cluster 4 - Governance, Compliance & Legal"
AR_ISO_17,Cluster 5 - Operational & Infrastructure Risk
AR_ISO_18,Cluster 3 - Responsible AI & Ethics
AR_ISO_19,Cluster 3 - Responsible AI & Ethics
AR_ISO_20,"Cluster 4 - Governance, Compliance & Legal"
AR_ROI_01,Cluster 7 - Business Impact & Sustainability
AR_ROI_02,Cluster 7 - Business Impact & Sustainability
AR_ROI_03,Cluster 7 - Business Impact & Sustainability
AR_ROI_04,"Cluster 2 - Data, Privacy & Information Assets"
AR_ROI_05,Cluster 7 - Business Impact & Sustainability
AR_ROI_06,Cluster 5 - Operational & Infrastructure Risk
AR_ROI_07,Cluster 6 - Workforce & Organizational Change
AR_ROI_08,"Cluster 4 - Governance, Compliance & Legal"
AR_ROI_09,Cluster 7 - Business Impact & Sustainability
AR_ROI_10,"Cluster 2 - Data, Privacy & Information Assets"
AR_ROI_11,Cluster 5 - Operational & Infrastructure Risk
AR_ROI_12,Cluster 7 - Business Impact & Sustainability
AR_ROI_13,Cluster 5 - Operational & Infrastructure Risk
AR_ROI_14,Cluster 5 - Operational & Infrastructure Risk
AR_ROI_15,Cluster 5 - Operational & Infrastructure Risk
AR_ROI_16,Cluster 5 - Operational & Infrastructure Risk
AR_ROI_17,Cluster 6 - Workforce & Organizational Change
AR_ROI_18,Cluster 7 - Business Impact & Sustainability
AR_ROI_19,Cluster 7 - Business Impact & Sustainability
AR_ROI_20,Cluster 6 - Workforce & Organizational Change
AR_ROI_21,Cluster 7 - Business Impact & Sustainability
AR_ROI_22,Cluster 1 - AI Technical & Model Integrity
AR_ROI_23,Cluster 7 - Business Impact & Sustainability
AR_ROI_24,"Cluster 2 - Data, Privacy & Information Assets"
AR_ROI_25,Cluster 7 - Business Impact & Sustainability
AR_PSYCH_01,Cluster 3 - Responsible AI & Ethics
AR_PSYCH_02,Cluster 3 - Responsible AI & Ethics
AR_PSYCH_03,Cluster 3 - Responsible AI & Ethics
AR_PSYCH_04,Cluster 3 - Responsible AI & Ethics
AR_PSYCH_05,Cluster 3 - Responsible AI & Ethics
AR_COGDEC_01,Cluster 6 - Workforce & Organizational Change
AR_COGDEC_02,Cluster 6 - Workforce & Organizational Change
AR_COGDEC_03,Cluster 6 - Workforce & Organizational Change
AR_COGDEC_04,Cluster 6 - Workforce & Organizational Change
AR_COGDEC_05,Cluster 6 - Workforce & Organizational Change
AR_MOTIV_01,Cluster 6 - Workforce & Organizational Change
AR_MOTIV_02,Cluster 6 - Workforce & Organizational Change
AR_MOTIV_03,Cluster 6 - Workforce & Organizational Change
AR_MOTIV_04,Cluster 6 - Workforce & Organizational Change
AR_MOTIV_05,Cluster 6 - Workforce & Organizational Change
AR_MOTIV_06,Cluster 6 - Workforce & Organizational Change
AR_MOTIV_07,Cluster 6 - Workforce & Organizational Change
AR_MOTIV_08,Cluster 6 - Workforce & Organizational Change
AR_MOTIV_09,Cluster 6 - Workforce & Organizational Change
AR_MOTIV_10,Cluster 6 - Workforce & Organizational Change
AR_DEPR_01,Cluster 6 - Workforce & Organizational Change
AR_DEPR_02,Cluster 6 - Workforce & Organizational Change
AR_DEPR_03,Cluster 6 - Workforce & Organizational Change
AR_DEPR_04,Cluster 3 - Responsible AI & Ethics
AR_DEPR_05,Cluster 3 - Responsible AI & Ethics
AR_DEPEND_01,Cluster 6 - Workforce & Organizational Change
AR_DEPEND_02,Cluster 5 - Operational & Infrastructure Risk
AR_DEPEND_03,Cluster 6 - Workforce & Organizational Change
AR_DEPEND_04,Cluster 6 - Workforce & Organizational Change
AR_DEPEND_05,Cluster 6 - Workforce & Organizational Change
AR_HIRE_01,Cluster 6 - Workforce & Organizational Change
AR_HIRE_02,Cluster 6 - Workforce & Organizational Change
AR_HIRE_03,Cluster 6 - Workforce & Organizational Change
AR_HIRE_04,Cluster 6 - Workforce & Organizational Change
AR_HIRE_05,Cluster 6 - Workforce & Organizational Change
AR_CAREER_01,Cluster 6 - Workforce & Organizational Change
AR_CAREER_02,Cluster 7 - Business Impact & Sustainability
AR_CAREER_03,Cluster 6 - Workforce & Organizational Change
AR_CAREER_04,Cluster 6 - Workforce & Organizational Change
AR_CAREER_05,Cluster 6 - Workforce & Organizational Change
AR_PROCESS_01,Cluster 6 - Workforce & Organizational Change
AR_PROCESS_02,Cluster 6 - Workforce & Organizational Change
AR_PROCESS_03,Cluster 5 - Operational & Infrastructure Risk
AR_PROCESS_04,Cluster 5 - Operational & Infrastructure Risk
AR_PROCESS_05,Cluster 6 - Workforce & Organizational Change
AR_PROCESS_06,"Cluster 4 - Governance, Compliance & Legal"
AR_PROCESS_07,Cluster 6 - Workforce & Organizational Change
AR_PROCESS_08,"Cluster 4 - Governance, Compliance & Legal"
AR_PROCESS_09,Cluster 7 - Business Impact & Sustainability
AR_PROCESS_10,Cluster 7 - Business Impact & Sustainability
AR_INST_01,"Cluster 4 - Governance, Compliance & Legal"
AR_INST_02,"Cluster 4 - Governance, Compliance & Legal"
AR_INST_03,Cluster 7 - Business Impact & Sustainability
AR_INST_04,Cluster 5 - Operational & Infrastructure Risk
AR_INST_05,"Cluster 4 - Governance, Compliance & Legal"
AR_DEPEND3RD_01,Cluster 5 - Operational & Infrastructure Risk
AR_DEPEND3RD_02,Cluster 5 - Operational & Infrastructure Risk
AR_DEPEND3RD_03,Cluster 7 - Business Impact & Sustainability
AR_DEPEND3RD_04,"Cluster 4 - Governance, Compliance & Legal"
AR_DEPEND3RD_05,Cluster 5 - Operational & Infrastructure Risk
AR_FOREIGN_01,"Cluster 4 - Governance, Compliance & Legal"
AR_FOREIGN_02,"Cluster 2 - Data, Privacy & Information Assets"
AR_FOREIGN_03,Cluster 5 - Operational & Infrastructure Risk
AR_FOREIGN_04,Cluster 7 - Business Impact & Sustainability
AR_FOREIGN_05,Cluster 1 - AI Technical & Model Integrity
