QID,Risk_Category
AR_01,agents_and_agent_orchestration
AR_02,agents_and_agent_orchestration
AR_03,data_access_control_usage
AR_04,ai_system_security_adversarial_risk
AR_05,ai_system_security_adversarial_risk
AR_06,ai_system_security_adversarial_risk
AR_07,ai_system_security_adversarial_risk
AR_08,agents_and_agent_orchestration
AR_09,third_party_vendor_supply_chain
AR_10,mlops_model_operations_management
AR_11,mlops_model_operations_management
AR_12,mlops_model_operations_management
AR_13,intellectual_property_rights
AR_14,data_governance_quality_lineage_enterprise
AR_15,intellectual_property_rights
AR_16,data_governance_quality_lineage_enterprise
AR_17,ai_system_security_adversarial_risk
AR_18,ai_system_security_adversarial_risk
AR_19,incident_response_recovery
AR_20,data_security_protection
AR_21,privacy_personal_data_protection
AR_22,risk_management_liability_insurance
AR_23,ai_system_security_adversarial_risk
AR_24,ai_system_security_adversarial_risk
AR_25,model_validation_testing
AR_26,ai_system_security_adversarial_risk
AR_27,privacy_personal_data_protection
AR_28,agents_and_agent_orchestration
AR_29,shadow_unauthorized_ai
AR_30,data_governance_quality_lineage_enterprise
AR_31,mlops_model_operations_management
AR_32,data_security_protection
AR_33,legal_regulatory_compliance
AR_34,data_access_control_usage
AR_35,data_security_protection
AR_36,ai_system_security_adversarial_risk
AR_37,model_training_data_management
AR_38,bias_fairness_discrimination
AR_39,ai_system_security_adversarial_risk
AR_40,data_governance_quality_lineage_enterprise
AR_41,data_governance_quality_lineage_enterprise
AR_42,ai_system_security_adversarial_risk
AR_43,model_training_data_management
AR_44,data_governance_quality_lineage_enterprise
AR_45,data_governance_quality_lineage_enterprise
AR_46,data_governance_quality_lineage_enterprise
AR_47,data_governance_quality_lineage_enterprise
AR_48,privacy_personal_data_protection
AR_49,data_governance_quality_lineage_enterprise
AR_50,model_monitoring_drift_management
AR_51,audit_assurance_review
AR_52,model_training_data_management
AR_53,human_oversight_intervention
AR_54,data_access_control_usage
AR_55,bias_fairness_discrimination
AR_56,data_security_protection
AR_57,data_access_control_usage
AR_58,agents_and_agent_orchestration
AR_59,ai_system_security_adversarial_risk
AR_60,ai_system_security_adversarial_risk
AR_61,data_security_protection
AR_62,ai_system_security_adversarial_risk
AR_63,data_security_protection
AR_64,model_monitoring_drift_management
AR_65,model_monitoring_drift_management
AR_66,agents_and_agent_orchestration
AR_67,model_monitoring_drift_management
AR_68,agents_and_agent_orchestration
AR_69,model_validation_testing
AR_70,mlops_model_operations_management
AR_71,ai_system_security_adversarial_risk
AR_72,cloud_provider_technical_environment
AR_73,cloud_provider_technical_environment
AR_74,ai_system_security_adversarial_risk
AR_75,cloud_provider_technical_environment
AR_76,ai_system_security_adversarial_risk
AR_77,agents_and_agent_orchestration
AR_78,cloud_provider_technical_environment
AR_79,cloud_provider_technical_environment
AR_80,cloud_provider_technical_environment
AR_81,cloud_provider_technical_environment
AR_82,data_governance_quality_lineage_enterprise
AR_83,data_security_protection
AR_84,cloud_provider_technical_environment
AR_85,cloud_provider_technical_environment
AR_86,cloud_provider_technical_environment
AR_87,cloud_provider_technical_environment
AR_88,ai_system_security_adversarial_risk
AR_89,mlops_model_operations_management
AR_90,ai_system_security_adversarial_risk
AR_91,legal_regulatory_compliance
AR_92,agents_and_agent_orchestration
AR_93,audit_assurance_review
AR_94,ai_system_security_adversarial_risk
AR_95,ai_system_security_adversarial_risk
AR_96,mlops_model_operations_management
AR_97,ai_system_security_adversarial_risk
AR_98,privacy_personal_data_protection
AR_99,data_governance_quality_lineage_enterprise
AR_100,data_access_control_usage
AR_101,data_access_control_usage
AR_102,LLM_prompting
AR_103,human_oversight_intervention
AR_104,ai_system_security_adversarial_risk
AR_105,data_access_control_usage
AR_106,privacy_personal_data_protection
AR_107,data_access_control_usage
AR_108,data_access_control_usage
AR_109,accountability_responsibility_assignment_formal
AR_110,data_access_control_usage
AR_111,agents_and_agent_orchestration
AR_112,data_security_protection
AR_113,model_training_data_management
AR_114,privacy_personal_data_protection
AR_115,mlops_model_operations_management
AR_116,deployment_release_management
AR_117,agents_and_agent_orchestration
AR_118,human_oversight_intervention
AR_119,incident_response_recovery
AR_120,cloud_provider_technical_environment
AR_121,cloud_provider_technical_environment
AR_122,cloud_provider_technical_environment
AR_123,board_executive_oversight
AR_124,third_party_vendor_supply_chain
AR_125,cloud_provider_technical_environment
AR_126,cloud_provider_technical_environment
AR_127,cloud_provider_technical_environment
AR_128,cloud_provider_technical_environment
AR_129,cloud_provider_technical_environment
AR_130,cloud_provider_technical_environment
AR_131,data_security_protection
AR_132,incident_response_recovery
AR_133,cloud_provider_technical_environment
AR_134,data_governance_quality_lineage_enterprise
AR_135,data_governance_quality_lineage_enterprise
AR_136,cloud_provider_technical_environment
AR_137,cloud_provider_technical_environment
AR_138,cloud_provider_technical_environment
AR_139,cloud_provider_technical_environment
AR_140,cloud_provider_technical_environment
AR_141,data_access_control_usage
AR_142,data_access_control_usage
AR_143,data_access_control_usage
AR_144,data_access_control_usage
AR_145,data_access_control_usage
AR_146,cloud_provider_technical_environment
AR_147,incident_response_recovery
AR_148,cloud_provider_technical_environment
AR_149,audit_assurance_review
AR_150,mlops_model_operations_management
AR_151,cloud_provider_technical_environment
AR_152,incident_response_recovery
AR_153,cloud_provider_technical_environment
AR_154,incident_response_recovery
AR_155,incident_response_recovery
AR_156,cloud_provider_technical_environment
AR_157,cloud_provider_technical_environment
AR_158,cloud_provider_technical_environment
AR_159,cloud_provider_technical_environment
AR_160,third_party_vendor_supply_chain
AR_161,policies_procedures_documentation
AR_162,policies_procedures_documentation
AR_163,policies_procedures_documentation
AR_164,policies_procedures_documentation
AR_165,policies_procedures_documentation
AR_166,staff_training_ai_literacy
AR_167,ai_governance_framework
AR_168,roles_responsibilities_competence_working
AR_169,ai_governance_framework
AR_170,human_oversight_intervention
AR_171,roles_responsibilities_competence_working
AR_172,ai_governance_framework
AR_173,ai_governance_framework
AR_174,ai_governance_framework
AR_175,ai_governance_framework
AR_176,roles_responsibilities_competence_working
AR_177,incident_response_recovery
AR_178,risk_management_liability_insurance
AR_179,audit_assurance_review
AR_180,accountability_responsibility_assignment_formal
AR_181,accountability_responsibility_assignment_formal
AR_182,meta_cognitive_meta_governance
AR_183,ai_governance_framework
AR_184,ai_system_inventory_register
AR_185,ai_system_inventory_register
AR_186,ai_governance_framework
AR_187,deployment_release_management
AR_188,data_governance_quality_lineage_enterprise
AR_189,data_governance_quality_lineage_enterprise
AR_190,bias_fairness_discrimination
AR_191,data_governance_quality_lineage_enterprise
AR_192,data_governance_quality_lineage_enterprise
AR_193,data_governance_quality_lineage_enterprise
AR_194,third_party_vendor_supply_chain
AR_195,ai_system_inventory_register
AR_196,third_party_vendor_supply_chain
AR_197,privacy_personal_data_protection
AR_198,ai_system_security_adversarial_risk
AR_199,intellectual_property_rights
AR_200,third_party_vendor_supply_chain
AR_201,cloud_provider_technical_environment
AR_202,cloud_provider_technical_environment
AR_203,cloud_provider_technical_environment
AR_204,model_performance_reliability
AR_205,environmental_sustainability_impact
AR_206,accountability_responsibility_assignment_formal
AR_207,roles_responsibilities_competence_working
AR_208,human_oversight_intervention
AR_209,roles_responsibilities_competence_working
AR_210,staff_training_ai_literacy
AR_211,third_party_vendor_supply_chain
AR_212,deployment_release_management
AR_213,ai_impact_assessment
AR_214,ai_impact_assessment
AR_215,ai_impact_assessment
AR_216,ai_impact_assessment
AR_217,ai_impact_assessment
AR_218,human_oversight_intervention
AR_219,risk_management_liability_insurance
AR_220,audit_assurance_review
AR_221,risk_management_liability_insurance
AR_222,policies_procedures_documentation
AR_223,stakeholder_communication_disclosure
AR_224,incident_response_recovery
AR_225,audit_assurance_review
AR_226,bias_fairness_discrimination
AR_227,risk_management_liability_insurance
AR_228,legal_regulatory_compliance
AR_229,stakeholder_communication_disclosure
AR_230,mlops_model_operations_management
AR_231,policies_procedures_documentation
AR_232,policies_procedures_documentation
AR_233,policies_procedures_documentation
AR_234,accountability_responsibility_assignment_formal
AR_235,data_governance_quality_lineage_enterprise
AR_236,bias_fairness_discrimination
AR_237,model_development_other
AR_238,audit_assurance_review
AR_239,mlops_model_operations_management
AR_240,model_monitoring_drift_management
AR_241,mlops_model_operations_management
AR_242,human_oversight_intervention
AR_243,model_training_data_management
AR_244,risk_management_liability_insurance
AR_245,legal_regulatory_compliance
AR_246,policies_procedures_documentation
AR_247,third_party_vendor_supply_chain
AR_248,deployment_release_management
AR_249,LLM_prompting
AR_250,ai_system_security_adversarial_risk
AR_251,mlops_model_operations_management
AR_252,data_governance_quality_lineage_enterprise
AR_253,policies_procedures_documentation
AR_254,audit_assurance_review
AR_255,data_governance_quality_lineage_enterprise
AR_256,data_governance_quality_lineage_enterprise
AR_257,data_governance_quality_lineage_enterprise
AR_258,data_governance_quality_lineage_enterprise
AR_259,data_governance_quality_lineage_enterprise
AR_260,data_governance_quality_lineage_enterprise
AR_261,ai_system_security_adversarial_risk
AR_262,model_training_data_management
AR_263,data_governance_quality_lineage_enterprise
AR_264,shadow_unauthorized_ai
AR_265,model_monitoring_drift_management
AR_266,model_training_data_management
AR_267,legal_regulatory_compliance
AR_268,privacy_personal_data_protection
AR_269,data_governance_quality_lineage_enterprise
AR_270,third_party_vendor_supply_chain
AR_271,privacy_personal_data_protection
AR_272,privacy_personal_data_protection
AR_273,audit_assurance_review
AR_274,bias_fairness_discrimination
AR_275,LLM_prompting
AR_276,stakeholder_communication_disclosure
AR_277,explainability_transparency
AR_278,policies_procedures_documentation
AR_279,intellectual_property_rights
AR_280,legal_regulatory_compliance
AR_281,third_party_vendor_supply_chain
AR_282,incident_response_recovery
AR_283,explainability_transparency
AR_284,incident_response_recovery
AR_285,incident_response_recovery
AR_286,stakeholder_communication_disclosure
AR_287,stakeholder_communication_disclosure
AR_288,human_factors_behavioral_risk
AR_289,policies_procedures_documentation
AR_290,stakeholder_communication_disclosure
AR_291,audit_assurance_review
AR_292,incident_response_recovery
AR_293,stakeholder_communication_disclosure
AR_294,bias_fairness_discrimination
AR_295,policies_procedures_documentation
AR_296,audit_assurance_review
AR_297,ethical_use_principles
AR_298,staff_training_ai_literacy
AR_299,incident_response_recovery
AR_300,meta_cognitive_meta_governance
AR_301,intended_use_context_scope
AR_302,shadow_unauthorized_ai
AR_303,third_party_vendor_supply_chain
AR_304,audit_assurance_review
AR_305,human_oversight_intervention
AR_306,human_factors_behavioral_risk
AR_307,shadow_unauthorized_ai
AR_308,agents_and_agent_orchestration
AR_309,staff_training_ai_literacy
AR_310,intended_use_context_scope
AR_311,incident_response_recovery
AR_312,human_oversight_intervention
AR_313,meta_cognitive_meta_governance
AR_314,accountability_responsibility_assignment_formal
AR_315,data_access_control_usage
AR_316,mlops_model_operations_management
AR_317,environmental_sustainability_impact
AR_318,model_training_data_management
AR_319,model_monitoring_drift_management
AR_320,model_training_data_management
AR_321,ai_system_security_adversarial_risk
AR_322,model_validation_testing
AR_323,deployment_release_management
AR_324,ai_system_security_adversarial_risk
AR_325,legal_regulatory_compliance
AR_326,third_party_vendor_supply_chain
AR_327,fraud_misuse_abuse
AR_328,data_access_control_usage
AR_329,audit_assurance_review
AR_330,explainability_transparency
AR_331,ai_system_inventory_register
AR_332,bias_fairness_discrimination
AR_333,board_executive_oversight
AR_334,ai_system_security_adversarial_risk
AR_335,model_validation_testing
AR_336,third_party_vendor_supply_chain
AR_337,incident_response_recovery
AR_338,ai_impact_assessment
AR_339,staff_dislocation_retraining_change_management
AR_340,bias_fairness_discrimination
AR_341,fraud_misuse_abuse
AR_342,fraud_misuse_abuse
AR_343,fraud_misuse_abuse
AR_344,fraud_misuse_abuse
AR_345,fraud_misuse_abuse
AR_346,roles_responsibilities_competence_working
AR_347,return_on_ai_investment
AR_348,staff_dislocation_retraining_change_management
AR_349,privacy_personal_data_protection
AR_350,human_oversight_intervention
AR_351,model_monitoring_drift_management
AR_352,human_factors_behavioral_risk
AR_353,stakeholder_communication_disclosure
AR_354,incident_response_recovery
AR_355,incident_response_recovery
AR_356,ai_system_inventory_register
AR_357,intellectual_property_rights
AR_358,intellectual_property_rights
AR_359,data_governance_quality_lineage_enterprise
AR_360,intellectual_property_rights
AR_361,legal_regulatory_compliance
AR_362,legal_regulatory_compliance
AR_363,legal_regulatory_compliance
AR_364,legal_regulatory_compliance
AR_365,model_validation_testing
AR_366,data_access_control_usage
AR_367,model_monitoring_drift_management
AR_368,audit_assurance_review
AR_369,model_monitoring_drift_management
AR_370,human_oversight_intervention
AR_371,ai_system_security_adversarial_risk
AR_372,human_factors_behavioral_risk
AR_373,human_oversight_intervention
AR_374,mlops_model_operations_management
AR_375,mlops_model_operations_management
AR_376,model_monitoring_drift_management
AR_377,mlops_model_operations_management
AR_378,risk_management_liability_insurance
AR_379,ai_system_security_adversarial_risk
AR_380,privacy_personal_data_protection
AR_381,privacy_personal_data_protection
AR_382,privacy_personal_data_protection
AR_383,privacy_personal_data_protection
AR_384,third_party_vendor_supply_chain
AR_385,model_monitoring_drift_management
AR_386,human_oversight_intervention
AR_387,third_party_vendor_supply_chain
AR_388,risk_management_liability_insurance
AR_389,risk_management_liability_insurance
AR_390,fraud_misuse_abuse
AR_391,data_security_protection
AR_392,ai_system_security_adversarial_risk
AR_393,third_party_vendor_supply_chain
AR_394,ai_system_security_adversarial_risk
AR_395,ai_system_security_adversarial_risk
AR_396,data_security_protection
AR_397,ai_system_security_adversarial_risk
AR_398,mlops_model_operations_management
AR_399,ai_system_security_adversarial_risk
AR_400,fraud_misuse_abuse
AR_401,shadow_unauthorized_ai
AR_402,shadow_unauthorized_ai
AR_403,staff_training_ai_literacy
AR_404,staff_dislocation_retraining_change_management
AR_405,human_oversight_intervention
AR_406,staff_dislocation_retraining_change_management
AR_407,third_party_vendor_supply_chain
AR_408,third_party_vendor_supply_chain
AR_409,accountability_responsibility_assignment_formal
AR_410,shadow_unauthorized_ai
AR_411,privacy_personal_data_protection
AR_412,bias_fairness_discrimination
AR_413,explainability_transparency
AR_414,bias_fairness_discrimination
AR_415,fraud_misuse_abuse
AR_416,bias_fairness_discrimination
AR_417,ai_governance_framework
AR_418,board_executive_oversight
AR_419,ai_governance_framework
AR_420,third_party_vendor_supply_chain
AR_421,incident_response_recovery
AR_422,incident_response_recovery
AR_423,accountability_responsibility_assignment_formal
AR_424,third_party_vendor_supply_chain
AR_425,third_party_vendor_supply_chain
AR_426,third_party_vendor_supply_chain
AR_427,third_party_vendor_supply_chain
AR_428,third_party_vendor_supply_chain
AR_429,third_party_vendor_supply_chain
AR_430,third_party_vendor_supply_chain
AR_431,third_party_vendor_supply_chain
AR_432,risk_management_liability_insurance
AR_433,stakeholder_communication_disclosure
AR_434,stakeholder_communication_disclosure
AR_435,human_oversight_intervention
AR_436,meta_cognitive_meta_governance
AR_437,third_party_vendor_supply_chain
AR_438,stakeholder_communication_disclosure
AR_439,third_party_vendor_supply_chain
AR_440,accountability_responsibility_assignment_formal
AR_441,third_party_vendor_supply_chain
AR_442,audit_assurance_review
AR_443,deployment_release_management
AR_444,accountability_responsibility_assignment_formal
AR_445,agents_and_agent_orchestration
AR_446,agents_and_agent_orchestration
AR_447,third_party_vendor_supply_chain
AR_448,privacy_personal_data_protection
AR_449,agents_and_agent_orchestration
AR_450,agents_and_agent_orchestration
AR_451,third_party_vendor_supply_chain
AR_452,policies_procedures_documentation
AR_453,shadow_unauthorized_ai
AR_454,agents_and_agent_orchestration
AR_455,ai_system_security_adversarial_risk
AR_456,ai_system_security_adversarial_risk
AR_457,agents_and_agent_orchestration
AR_458,audit_assurance_review
AR_459,audit_assurance_review
AR_460,agents_and_agent_orchestration
AR_461,agents_and_agent_orchestration
AR_462,incident_response_recovery
AR_463,policies_procedures_documentation
AR_464,human_oversight_intervention
AR_465,human_oversight_intervention
AR_466,ai_system_security_adversarial_risk
AR_467,deployment_release_management
AR_468,agents_and_agent_orchestration
AR_469,privacy_personal_data_protection
AR_470,privacy_personal_data_protection
AR_471,third_party_vendor_supply_chain
AR_472,human_oversight_intervention
AR_473,agents_and_agent_orchestration
AR_474,policies_procedures_documentation
AR_475,incident_response_recovery
AR_476,policies_procedures_documentation
AR_477,staff_training_ai_literacy
AR_478,meta_cognitive_meta_governance
AR_479,ai_system_security_adversarial_risk
AR_480,LLM_prompting
AR_481,audit_assurance_review
AR_482,third_party_vendor_supply_chain
AR_1001,mlops_model_operations_management
AR_1002,agents_and_agent_orchestration
AR_1003,data_access_control_usage
AR_1004,ai_system_security_adversarial_risk
AR_1010,mlops_model_operations_management
AR_1011,mlops_model_operations_management
AR_1012,mlops_model_operations_management
AR_1013,intellectual_property_rights
AR_1014,data_governance_quality_lineage_enterprise
AR_1015,intellectual_property_rights
AR_1016,data_governance_quality_lineage_enterprise
AR_1017,ai_system_security_adversarial_risk
AR_1019,incident_response_recovery
AR_1020,data_security_protection
AR_1021,privacy_personal_data_protection
AR_1023,ai_system_security_adversarial_risk
AR_1024,ai_system_security_adversarial_risk
AR_1026,model_validation_testing
AR_1027,ai_system_security_adversarial_risk
AR_1028,privacy_personal_data_protection
AR_1029,agents_and_agent_orchestration
AR_1030,shadow_unauthorized_ai
AR_1031,data_governance_quality_lineage_enterprise
AR_1032,mlops_model_operations_management
AR_1034,data_access_control_usage
AR_1035,data_security_protection
AR_1036,ai_system_security_adversarial_risk
AR_1037,model_training_data_management
AR_1038,bias_fairness_discrimination
AR_1040,data_governance_quality_lineage_enterprise
AR_1041,data_governance_quality_lineage_enterprise
AR_1043,model_training_data_management
AR_1044,data_governance_quality_lineage_enterprise
AR_1045,data_governance_quality_lineage_enterprise
AR_1046,data_governance_quality_lineage_enterprise
AR_1047,data_governance_quality_lineage_enterprise
AR_1048,privacy_personal_data_protection
AR_1049,data_governance_quality_lineage_enterprise
AR_1050,model_monitoring_drift_management
AR_1051,audit_assurance_review
AR_1053,human_oversight_intervention
AR_1054,data_access_control_usage
AR_1055,bias_fairness_discrimination
AR_1056,data_security_protection
AR_1057,data_access_control_usage
AR_1058,agents_and_agent_orchestration
AR_1059,ai_system_security_adversarial_risk
AR_1060,ai_system_security_adversarial_risk
AR_1061,data_security_protection
AR_1062,ai_system_security_adversarial_risk
AR_1063,data_security_protection
AR_1064,model_monitoring_drift_management
AR_1065,model_monitoring_drift_management
AR_1066,agents_and_agent_orchestration
AR_1067,model_monitoring_drift_management
AR_1068,agents_and_agent_orchestration
AR_1077,agents_and_agent_orchestration
AR_1082,data_governance_quality_lineage_enterprise
AR_1083,data_security_protection
AR_1087,cloud_provider_technical_environment
AR_1088,ai_system_security_adversarial_risk
AR_1092,agents_and_agent_orchestration
AR_1093,audit_assurance_review
AR_1094,ai_system_security_adversarial_risk
AR_1095,ai_system_security_adversarial_risk
AR_1096,mlops_model_operations_management
AR_1097,ai_system_security_adversarial_risk
AR_1098,privacy_personal_data_protection
AR_1099,data_governance_quality_lineage_enterprise
AR_1100,data_access_control_usage
AR_1101,data_access_control_usage
AR_1102,LLM_prompting
AR_1103,human_oversight_intervention
AR_1104,ai_system_security_adversarial_risk
AR_1105,data_access_control_usage
AR_1106,privacy_personal_data_protection
AR_1107,data_access_control_usage
AR_1108,data_access_control_usage
AR_1110,data_access_control_usage
AR_1111,agents_and_agent_orchestration
AR_1112,data_security_protection
AR_1113,model_training_data_management
AR_1114,privacy_personal_data_protection
AR_1115,mlops_model_operations_management
AR_1117,agents_and_agent_orchestration
AR_1120,cloud_provider_technical_environment
AR_1121,cloud_provider_technical_environment
AR_1122,cloud_provider_technical_environment
AR_1124,third_party_vendor_supply_chain
AR_1125,cloud_provider_technical_environment
AR_1126,cloud_provider_technical_environment
AR_1127,cloud_provider_technical_environment
AR_1128,cloud_provider_technical_environment
AR_1129,cloud_provider_technical_environment
AR_1130,cloud_provider_technical_environment
AR_1131,data_security_protection
AR_1132,incident_response_recovery
AR_1133,cloud_provider_technical_environment
AR_1134,data_governance_quality_lineage_enterprise
AR_1135,data_governance_quality_lineage_enterprise
AR_1136,cloud_provider_technical_environment
AR_1137,cloud_provider_technical_environment
AR_1138,cloud_provider_technical_environment
AR_1139,cloud_provider_technical_environment
AR_1140,cloud_provider_technical_environment
AR_1141,data_access_control_usage
AR_1142,data_access_control_usage
AR_1143,data_access_control_usage
AR_1144,data_access_control_usage
AR_1145,data_access_control_usage
AR_1146,cloud_provider_technical_environment
AR_1147,incident_response_recovery
AR_1149,audit_assurance_review
AR_1150,mlops_model_operations_management
AR_1151,cloud_provider_technical_environment
AR_1152,incident_response_recovery
AR_1153,cloud_provider_technical_environment
AR_1154,incident_response_recovery
AR_1155,incident_response_recovery
AR_1156,cloud_provider_technical_environment
AR_1157,cloud_provider_technical_environment
AR_1158,cloud_provider_technical_environment
AR_1159,cloud_provider_technical_environment
AR_1166,staff_training_ai_literacy
AR_1167,ai_governance_framework
AR_1172,ai_governance_framework
AR_1177,incident_response_recovery
AR_1178,risk_management_liability_insurance
AR_1180,accountability_responsibility_assignment_formal
AR_1181,accountability_responsibility_assignment_formal
AR_1182,meta_cognitive_meta_governance
AR_1184,ai_system_inventory_register
AR_1187,deployment_release_management
AR_1188,data_governance_quality_lineage_enterprise
AR_1189,data_governance_quality_lineage_enterprise
AR_1190,bias_fairness_discrimination
AR_1191,data_governance_quality_lineage_enterprise
AR_1192,data_governance_quality_lineage_enterprise
AR_1193,data_governance_quality_lineage_enterprise
AR_1195,ai_system_inventory_register
AR_1198,intellectual_property_rights
AR_1199,third_party_vendor_supply_chain
AR_1214,ai_impact_assessment
AR_1216,ai_impact_assessment
AR_1226,bias_fairness_discrimination
AR_1228,legal_regulatory_compliance
AR_1229,stakeholder_communication_disclosure
AR_1235,data_governance_quality_lineage_enterprise
AR_1236,bias_fairness_discrimination
AR_1239,mlops_model_operations_management
AR_1240,model_monitoring_drift_management
AR_1241,mlops_model_operations_management
AR_1243,model_training_data_management
AR_1249,LLM_prompting
AR_1250,ai_system_security_adversarial_risk
AR_1251,mlops_model_operations_management
AR_1252,data_governance_quality_lineage_enterprise
AR_1256,data_governance_quality_lineage_enterprise
AR_1261,ai_system_security_adversarial_risk
AR_1265,model_monitoring_drift_management
AR_1266,model_training_data_management
AR_1269,data_governance_quality_lineage_enterprise
AR_1272,privacy_personal_data_protection
AR_1278,policies_procedures_documentation
AR_1279,intellectual_property_rights
AR_1280,legal_regulatory_compliance
AR_1282,incident_response_recovery
AR_1283,explainability_transparency
AR_1284,incident_response_recovery
AR_1285,incident_response_recovery
AR_1288,human_factors_behavioral_risk
AR_1289,policies_procedures_documentation
AR_1290,stakeholder_communication_disclosure
AR_1292,incident_response_recovery
AR_1293,stakeholder_communication_disclosure
AR_1299,incident_response_recovery
AR_1300,meta_cognitive_meta_governance
AR_1302,shadow_unauthorized_ai
AR_1304,audit_assurance_review
AR_1307,shadow_unauthorized_ai
AR_1313,meta_cognitive_meta_governance
AR_1314,accountability_responsibility_assignment_formal
AR_1320,model_training_data_management
AR_1321,ai_system_security_adversarial_risk
AR_1327,fraud_misuse_abuse
AR_1328,data_access_control_usage
AR_1334,ai_system_security_adversarial_risk
AR_1335,model_validation_testing
AR_1337,incident_response_recovery
AR_1340,bias_fairness_discrimination
AR_1341,fraud_misuse_abuse
AR_1342,fraud_misuse_abuse
AR_1343,fraud_misuse_abuse
AR_1344,fraud_misuse_abuse
AR_1345,fraud_misuse_abuse
AR_1348,staff_dislocation_retraining_change_management
AR_1349,privacy_personal_data_protection
AR_1351,model_monitoring_drift_management
AR_1352,human_factors_behavioral_risk
AR_1353,stakeholder_communication_disclosure
AR_1354,incident_response_recovery
AR_1355,incident_response_recovery
AR_1356,ai_system_inventory_register
AR_1357,intellectual_property_rights
AR_1358,intellectual_property_rights
AR_1365,model_validation_testing
AR_1366,data_access_control_usage
AR_1367,model_monitoring_drift_management
AR_1369,model_monitoring_drift_management
AR_1370,human_oversight_intervention
AR_1371,ai_system_security_adversarial_risk
AR_1374,mlops_model_operations_management
AR_1376,model_monitoring_drift_management
AR_1377,mlops_model_operations_management
AR_1379,ai_system_security_adversarial_risk
AR_1380,privacy_personal_data_protection
AR_1381,privacy_personal_data_protection
AR_1385,model_monitoring_drift_management
AR_1392,ai_system_security_adversarial_risk
AR_1393,third_party_vendor_supply_chain
AR_1398,mlops_model_operations_management
AR_1399,ai_system_security_adversarial_risk
AR_1401,fraud_misuse_abuse
AR_1402,shadow_unauthorized_ai
AR_1404,staff_dislocation_retraining_change_management
AR_1410,shadow_unauthorized_ai
AR_1411,privacy_personal_data_protection
AR_1412,bias_fairness_discrimination
AR_1414,bias_fairness_discrimination
AR_1415,fraud_misuse_abuse
AR_1421,incident_response_recovery
AR_1434,stakeholder_communication_disclosure
AR_GOV_01,legal_regulatory_compliance
AR_GOV_02,data_security_protection
AR_GOV_03,ethical_use_principles
AR_GOV_04,bias_fairness_discrimination
AR_GOV_05,cloud_provider_technical_environment
AR_GOV_06,bias_fairness_discrimination
AR_GOV_07,human_factors_behavioral_risk
AR_GOV_08,explainability_transparency
AR_GOV_09,legal_regulatory_compliance
AR_GOV_10,bias_fairness_discrimination
AR_GOV_11,audit_assurance_review
AR_GOV_12,privacy_personal_data_protection
AR_GOV_13,legal_regulatory_compliance
AR_GOV_14,privacy_personal_data_protection
AR_GOV_15,policies_procedures_documentation
AR_GOV_16,explainability_transparency
AR_GOV_17,ai_system_security_adversarial_risk
AR_GOV_18,bias_fairness_discrimination
AR_GOV_19,privacy_personal_data_protection
AR_GOV_20,third_party_vendor_supply_chain
AR_LEG_01,staff_training_ai_literacy
AR_LEG_02,privacy_personal_data_protection
AR_LEG_03,audit_assurance_review
AR_LEG_04,human_oversight_intervention
AR_LEG_05,policies_procedures_documentation
AR_LEG_06,model_validation_testing
AR_LEG_07,explainability_transparency
AR_LEG_08,bias_fairness_discrimination
AR_LEG_09,risk_management_liability_insurance
AR_LEG_10,model_validation_testing
AR_LEG_11,legal_regulatory_compliance
AR_LEG_12,legal_regulatory_compliance
AR_LEG_13,intellectual_property_rights
AR_LEG_14,LLM_prompting
AR_LEG_15,incident_response_recovery
AR_LEG_16,third_party_vendor_supply_chain
AR_LEG_17,staff_training_ai_literacy
AR_LEG_18,model_validation_testing
AR_LEG_19,data_security_protection
AR_LEG_20,explainability_transparency
AR_TRN_01,legal_regulatory_compliance
AR_TRN_02,model_validation_testing
AR_TRN_03,incident_response_recovery
AR_TRN_04,model_validation_testing
AR_TRN_05,human_oversight_intervention
AR_TRN_06,bias_fairness_discrimination
AR_TRN_07,incident_response_recovery
AR_TRN_08,privacy_personal_data_protection
AR_TRN_09,legal_regulatory_compliance
AR_TRN_10,model_validation_testing
AR_TRN_11,legal_regulatory_compliance
AR_TRN_12,bias_fairness_discrimination
AR_TRN_13,incident_response_recovery
AR_TRN_14,legal_regulatory_compliance
AR_TRN_15,ai_system_security_adversarial_risk
AR_TRN_16,third_party_vendor_supply_chain
AR_TRN_17,incident_response_recovery
AR_TRN_18,bias_fairness_discrimination
AR_TRN_19,mlops_model_operations_management
AR_TRN_20,legal_regulatory_compliance
AR_UTL_01,third_party_vendor_supply_chain
AR_UTL_02,model_validation_testing
AR_UTL_03,cloud_provider_technical_environment
AR_UTL_04,human_oversight_intervention
AR_UTL_05,ai_impact_assessment
AR_UTL_06,cloud_provider_technical_environment
AR_UTL_07,incident_response_recovery
AR_UTL_08,legal_regulatory_compliance
AR_UTL_09,incident_response_recovery
AR_UTL_10,ai_system_security_adversarial_risk
AR_UTL_11,legal_regulatory_compliance
AR_UTL_12,legal_regulatory_compliance
AR_UTL_13,audit_assurance_review
AR_UTL_14,bias_fairness_discrimination
AR_UTL_15,bias_fairness_discrimination
AR_UTL_16,third_party_vendor_supply_chain
AR_UTL_17,incident_response_recovery
AR_UTL_18,privacy_personal_data_protection
AR_UTL_19,mlops_model_operations_management
AR_UTL_20,model_monitoring_drift_management
AR_US_FED_01,bias_fairness_discrimination
AR_US_FED_02,bias_fairness_discrimination
AR_US_FED_03,privacy_personal_data_protection
AR_US_FED_04,ethical_use_principles
AR_US_FED_05,privacy_personal_data_protection
AR_US_FED_06,bias_fairness_discrimination
AR_US_FED_07,bias_fairness_discrimination
AR_US_FED_08,bias_fairness_discrimination
AR_US_FED_09,data_security_protection
AR_US_FED_10,legal_regulatory_compliance
AR_TX_01,privacy_personal_data_protection
AR_TX_02,privacy_personal_data_protection
AR_TX_03,privacy_personal_data_protection
AR_TX_04,ai_impact_assessment
AR_ON_PHIPA_01,privacy_personal_data_protection
AR_ON_PHIPA_02,privacy_personal_data_protection
AR_ON_PHIPA_03,third_party_vendor_supply_chain
AR_QC_FRENCH_01,stakeholder_communication_disclosure
AR_QC_FRENCH_02,model_training_data_management
AR_NY_DFS_01,ai_system_security_adversarial_risk
AR_NY_DFS_02,third_party_vendor_supply_chain
AR_EU_DSA_01,explainability_transparency
AR_EU_DSA_02,ai_impact_assessment
AR_EU_DSA_03,stakeholder_communication_disclosure
AR_EU_MDR_01,legal_regulatory_compliance
AR_EU_MDR_02,policies_procedures_documentation
AR_EU_MIFID_01,model_validation_testing
AR_EU_DATA_ACT_01,privacy_personal_data_protection
AR_EU_ACCESSIBILITY_01,ethical_use_principles
AR_CA_FED_OSFI_01,model_validation_testing
AR_CA_FED_ACCESSIBILITY_01,ethical_use_principles
AR_CA_FED_EMPLOYMENT_01,bias_fairness_discrimination
AR_CA_ST_FEHA_01,bias_fairness_discrimination
AR_CA_ST_AB2013_01,stakeholder_communication_disclosure
AR_CO_EQUAL_PAY_01,ethical_use_principles
AR_BC_HUMAN_RIGHTS_01,bias_fairness_discrimination
AR_NY_ST_HUMAN_RIGHTS_01,bias_fairness_discrimination
AR_EU_GDPR_ARTICLE22_01,explainability_transparency
AR_EU_PRIVACY_BY_DESIGN_01,privacy_personal_data_protection
AR_EU_EQUALITY_DIRECTIVE_01,bias_fairness_discrimination
AR_BC_01,legal_regulatory_compliance
AR_BC_02,privacy_personal_data_protection
AR_BC_03,intended_use_context_scope
AR_BC_04,privacy_personal_data_protection
AR_BC_05,data_security_protection
AR_BC_06,incident_response_recovery
AR_BC_07,model_validation_testing
AR_BC_08,model_training_data_management
AR_BC_09,privacy_personal_data_protection
AR_BC_10,accountability_responsibility_assignment_formal
AR_CA_01,accountability_responsibility_assignment_formal
AR_CA_02,privacy_personal_data_protection
AR_CA_03,intended_use_context_scope
AR_CA_04,privacy_personal_data_protection
AR_CA_05,ai_impact_assessment
AR_CA_06,policies_procedures_documentation
AR_CA_07,data_security_protection
AR_CA_08,stakeholder_communication_disclosure
AR_CA_09,privacy_personal_data_protection
AR_CA_10,legal_regulatory_compliance
AR_CA_11,privacy_personal_data_protection
AR_CA_12,explainability_transparency
AR_CA_13,model_training_data_management
AR_CA_14,incident_response_recovery
AR_CA_15,third_party_vendor_supply_chain
AR_CA_16,human_oversight_intervention
AR_CA_17,legal_regulatory_compliance
AR_CA_18,audit_assurance_review
AR_CA_19,ethical_use_principles
AR_CA_20,bias_fairness_discrimination
AR_CA_ST_01,privacy_personal_data_protection
AR_CA_ST_02,privacy_personal_data_protection
AR_CA_ST_03,ai_impact_assessment
AR_CA_ST_04,intended_use_context_scope
AR_CA_ST_05,stakeholder_communication_disclosure
AR_CA_ST_06,privacy_personal_data_protection
AR_CA_ST_07,legal_regulatory_compliance
AR_CA_ST_08,data_security_protection
AR_CA_ST_09,third_party_vendor_supply_chain
AR_CA_ST_10,audit_assurance_review
AR_CO_01,ai_impact_assessment
AR_CO_02,explainability_transparency
AR_CO_03,bias_fairness_discrimination
AR_CO_04,privacy_personal_data_protection
AR_CO_05,policies_procedures_documentation
AR_CO_06,audit_assurance_review
AR_CO_07,human_oversight_intervention
AR_CO_08,ai_impact_assessment
AR_CO_09,privacy_personal_data_protection
AR_CO_10,risk_management_liability_insurance
AR_EU_01,legal_regulatory_compliance
AR_EU_02,audit_assurance_review
AR_EU_03,ai_impact_assessment
AR_EU_04,policies_procedures_documentation
AR_EU_05,human_oversight_intervention
AR_EU_06,model_training_data_management
AR_EU_07,ai_system_security_adversarial_risk
AR_EU_08,audit_assurance_review
AR_EU_09,explainability_transparency
AR_EU_10,privacy_personal_data_protection
AR_EU_11,model_validation_testing
AR_EU_12,model_monitoring_drift_management
AR_EU_13,incident_response_recovery
AR_EU_14,stakeholder_communication_disclosure
AR_EU_15,ai_impact_assessment
AR_EU_16,policies_procedures_documentation
AR_EU_17,ai_impact_assessment
AR_EU_18,privacy_personal_data_protection
AR_EU_19,bias_fairness_discrimination
AR_EU_20,audit_assurance_review
AR_NY_01,bias_fairness_discrimination
AR_NY_02,stakeholder_communication_disclosure
AR_NY_03,data_security_protection
AR_NY_04,incident_response_recovery
AR_NY_05,human_oversight_intervention
AR_NY_06,explainability_transparency
AR_NY_07,model_training_data_management
AR_NY_08,third_party_vendor_supply_chain
AR_NY_09,model_validation_testing
AR_NY_10,policies_procedures_documentation
AR_ON_01,legal_regulatory_compliance
AR_ON_02,intended_use_context_scope
AR_ON_03,privacy_personal_data_protection
AR_ON_04,privacy_personal_data_protection
AR_ON_05,privacy_personal_data_protection
AR_ON_06,data_security_protection
AR_ON_07,model_validation_testing
AR_ON_08,stakeholder_communication_disclosure
AR_ON_09,policies_procedures_documentation
AR_ON_10,ai_impact_assessment
AR_QC_01,accountability_responsibility_assignment_formal
AR_QC_02,ai_impact_assessment
AR_QC_03,explainability_transparency
AR_QC_04,bias_fairness_discrimination
AR_QC_05,privacy_personal_data_protection
AR_QC_06,model_training_data_management
AR_QC_07,incident_response_recovery
AR_QC_08,privacy_personal_data_protection
AR_QC_09,legal_regulatory_compliance
AR_QC_10,data_security_protection
AR_TX_01_v2,stakeholder_communication_disclosure
AR_TX_02_v2,privacy_personal_data_protection
AR_TX_03_v2,privacy_personal_data_protection
AR_TX_04_v2,intended_use_context_scope
AR_TX_05,privacy_personal_data_protection
AR_TX_06,data_security_protection
AR_TX_07,third_party_vendor_supply_chain
AR_TX_08,ai_impact_assessment
AR_TX_09,incident_response_recovery
AR_TX_10,audit_assurance_review
AR_US_01,legal_regulatory_compliance
AR_US_02,bias_fairness_discrimination
AR_US_03,bias_fairness_discrimination
AR_US_04,policies_procedures_documentation
AR_US_05,legal_regulatory_compliance
AR_US_06,bias_fairness_discrimination
AR_US_07,data_security_protection
AR_US_08,explainability_transparency
AR_US_09,legal_regulatory_compliance
AR_US_10,human_factors_behavioral_risk
AR_US_11,privacy_personal_data_protection
AR_US_12,legal_regulatory_compliance
AR_US_13,bias_fairness_discrimination
AR_US_14,privacy_personal_data_protection
AR_US_15,third_party_vendor_supply_chain
AR_US_16,incident_response_recovery
AR_US_17,legal_regulatory_compliance
AR_US_18,ethical_use_principles
AR_US_19,human_factors_behavioral_risk
AR_US_20,policies_procedures_documentation
AR_ISO_01,policies_procedures_documentation
AR_ISO_02,accountability_responsibility_assignment_formal
AR_ISO_03,risk_management_liability_insurance
AR_ISO_04,policies_procedures_documentation
AR_ISO_05,staff_training_ai_literacy
AR_ISO_06,policies_procedures_documentation
AR_ISO_07,mlops_model_operations_management
AR_ISO_08,ai_impact_assessment
AR_ISO_09,model_training_data_management
AR_ISO_10,model_monitoring_drift_management
AR_ISO_11,audit_assurance_review
AR_ISO_12,accountability_responsibility_assignment_formal
AR_ISO_13,incident_response_recovery
AR_ISO_14,policies_procedures_documentation
AR_ISO_15,mlops_model_operations_management
AR_ISO_16,stakeholder_communication_disclosure
AR_ISO_17,third_party_vendor_supply_chain
AR_ISO_18,explainability_transparency
AR_ISO_19,model_validation_testing
AR_ISO_20,audit_assurance_review
AR_ROI_01,risk_management_liability_insurance
AR_ROI_02,risk_management_liability_insurance
AR_ROI_03,model_monitoring_drift_management
AR_ROI_04,model_training_data_management
AR_ROI_05,intended_use_context_scope
AR_ROI_06,mlops_model_operations_management
AR_ROI_07,staff_training_ai_literacy
AR_ROI_08,accountability_responsibility_assignment_formal
AR_ROI_09,risk_management_liability_insurance
AR_ROI_10,model_training_data_management
AR_ROI_11,mlops_model_operations_management
AR_ROI_12,intended_use_context_scope
AR_ROI_13,model_monitoring_drift_management
AR_ROI_14,mlops_model_operations_management
AR_ROI_15,third_party_vendor_supply_chain
AR_ROI_16,mlops_model_operations_management
AR_ROI_17,staff_training_ai_literacy
AR_ROI_18,risk_management_liability_insurance
AR_ROI_19,intended_use_context_scope
AR_ROI_20,staff_training_ai_literacy
AR_ROI_21,risk_management_liability_insurance
AR_ROI_22,model_validation_testing
AR_ROI_23,model_monitoring_drift_management
AR_ROI_24,privacy_personal_data_protection
AR_ROI_25,risk_management_liability_insurance
AR_PSYCH_01,human_factors_behavioral_risk
AR_PSYCH_02,human_factors_behavioral_risk
AR_PSYCH_03,human_factors_behavioral_risk
AR_PSYCH_04,human_factors_behavioral_risk
AR_PSYCH_05,human_factors_behavioral_risk
AR_COGDEC_01,human_factors_behavioral_risk
AR_COGDEC_02,human_factors_behavioral_risk
AR_COGDEC_03,human_factors_behavioral_risk
AR_COGDEC_04,human_factors_behavioral_risk
AR_COGDEC_05,human_factors_behavioral_risk
AR_MOTIV_01,human_factors_behavioral_risk
AR_MOTIV_02,human_factors_behavioral_risk
AR_MOTIV_03,human_factors_behavioral_risk
AR_MOTIV_04,human_factors_behavioral_risk
AR_MOTIV_05,human_factors_behavioral_risk
AR_MOTIV_06,human_factors_behavioral_risk
AR_MOTIV_07,human_factors_behavioral_risk
AR_MOTIV_08,human_factors_behavioral_risk
AR_MOTIV_09,human_factors_behavioral_risk
AR_MOTIV_10,human_factors_behavioral_risk
AR_DEPR_01,human_factors_behavioral_risk
AR_DEPR_02,human_factors_behavioral_risk
AR_DEPR_03,human_factors_behavioral_risk
AR_DEPR_04,human_factors_behavioral_risk
AR_DEPR_05,human_factors_behavioral_risk
AR_DEPEND_01,human_factors_behavioral_risk
AR_DEPEND_02,human_factors_behavioral_risk
AR_DEPEND_03,human_factors_behavioral_risk
AR_DEPEND_04,human_factors_behavioral_risk
AR_DEPEND_05,human_factors_behavioral_risk
AR_HIRE_01,organizational_change_management
AR_HIRE_02,organizational_change_management
AR_HIRE_03,organizational_change_management
AR_HIRE_04,organizational_change_management
AR_HIRE_05,organizational_change_management
AR_CAREER_01,organizational_change_management
AR_CAREER_02,organizational_change_management
AR_CAREER_03,organizational_change_management
AR_CAREER_04,organizational_change_management
AR_CAREER_05,organizational_change_management
AR_PROCESS_01,organizational_change_management
AR_PROCESS_02,organizational_change_management
AR_PROCESS_03,organizational_change_management
AR_PROCESS_04,organizational_change_management
AR_PROCESS_05,organizational_change_management
AR_PROCESS_06,organizational_change_management
AR_PROCESS_07,organizational_change_management
AR_PROCESS_08,organizational_change_management
AR_PROCESS_09,organizational_change_management
AR_PROCESS_10,organizational_change_management
AR_INST_01,intellectual_property_trade_secrets
AR_INST_02,third_party_vendor_supply_chain
AR_INST_03,intellectual_property_trade_secrets
AR_INST_04,third_party_vendor_supply_chain
AR_INST_05,intellectual_property_trade_secrets
AR_DEPEND3RD_01,third_party_vendor_supply_chain
AR_DEPEND3RD_02,third_party_vendor_supply_chain
AR_DEPEND3RD_03,third_party_vendor_supply_chain
AR_DEPEND3RD_04,third_party_vendor_supply_chain
AR_DEPEND3RD_05,operational_resilience
AR_FOREIGN_01,geopolitical_regulatory_risk
AR_FOREIGN_02,data_residency_cross_border
AR_FOREIGN_03,geopolitical_regulatory_risk
AR_FOREIGN_04,geopolitical_regulatory_risk
AR_FOREIGN_05,third_party_vendor_supply_chain
